,id,first_name,last_name,email,gender,City,Country,Age,Profession,Architecture,Clothing,Food,Transport,MainCategory
0,1,Wheeler,Weatherill,wweatherill0@pagesperso-orange.fr,1,66,0,24,6,1,1,0,3,2
1,2,Tremaine,Olivazzi,tolivazzi1@miibeian.gov.cn,1,0,0,28,2,2,0,0,3,2
2,3,Fin,Faragher,ffaragher2@ovh.net,1,70,0,44,4,5,0,0,0,0
3,4,Candis,Lewsy,clewsy3@usda.gov,0,64,0,33,9,1,0,1,3,2
4,5,Letizia,Brauninger,lbrauninger4@facebook.com,0,25,0,40,3,4,0,0,1,0
5,6,Karmen,Kinane,kkinane5@statcounter.com,0,12,0,52,5,4,0,0,1,0
6,7,Darin,Moran,dmoran6@behance.net,1,67,0,32,2,0,0,5,0,1
7,8,Elicia,Buxsey,ebuxsey7@paginegialle.it,0,35,0,25,2,0,0,5,0,1
8,9,Saundra,Solloway,ssolloway8@ebay.com,0,54,0,35,6,1,1,0,3,2
9,10,Tades,Glyn,tglyn9@prweb.com,1,27,0,23,11,2,0,0,3,2
10,11,Arney,Canwell,acanwella@prnewswire.com,1,15,0,40,0,5,0,0,0,0
11,12,Packston,Walewicz,pwalewiczb@amazon.co.jp,1,10,0,47,3,1,0,1,3,2
12,13,Lorrie,Markwelley,lmarkwelleyc@printfriendly.com,0,16,0,27,10,4,0,0,1,0
13,14,Lianne,Isham,lishamd@si.edu,0,29,0,39,10,4,0,0,1,0
14,15,Gregory,Kops,gkopse@elegantthemes.com,1,18,0,31,3,0,0,5,0,1
15,16,Hermon,Thrower,hthrowerf@pcworld.com,1,50,0,22,0,0,0,5,0,1
16,17,Alfie,Emblow,aemblowg@youku.com,1,40,0,47,0,1,1,0,3,2
17,18,Yoshi,McBain,ymcbainh@biblegateway.com,0,46,0,31,9,2,0,0,3,2
18,19,Silvester,Tellenbach,stellenbachi@marriott.com,1,56,0,40,3,5,0,0,0,0
19,20,Frederica,Syratt,fsyrattj@vistaprint.com,0,69,0,37,11,1,0,1,3,2
20,21,Tobe,Mamwell,tmamwellk@phpbb.com,1,72,0,21,10,4,0,0,1,0
21,22,Rurik,Nicolls,rnicollsl@macromedia.com,1,31,0,23,5,4,0,0,1,0
22,23,Fidelity,Ledbury,fledburym@europa.eu,0,47,0,55,10,0,0,5,0,1
23,24,Prentice,Hellwig,phellwign@netscape.com,1,59,0,48,9,0,0,5,0,1
24,25,Gwendolen,Karolczyk,gkarolczyko@deviantart.com,0,8,0,32,8,1,1,0,3,2
25,26,Bartholomeus,Ruberry,bruberryp@reverbnation.com,1,36,0,24,10,2,0,0,3,2
26,27,Leon,Stoffels,lstoffelsq@ox.ac.uk,1,52,0,24,2,5,0,0,0,0
27,28,Constantine,Simeons,csimeonsr@mysql.com,0,1,0,39,4,1,0,1,3,2
28,29,Marita,Samples,msampless@nationalgeographic.com,0,43,0,53,2,4,0,0,1,0
29,30,Fax,Figger,ffiggert@blogger.com,1,29,0,26,7,4,0,0,1,0
30,31,Pollyanna,Pero,pperou@ca.gov,0,45,0,22,2,0,0,5,0,1
31,32,Waverley,Grumell,wgrumellv@time.com,1,40,0,45,9,0,0,5,0,1
32,33,Garrick,Geffe,ggeffew@bizjournals.com,1,10,0,34,7,1,1,0,3,2
33,34,Davy,Ashborn,dashbornx@lulu.com,1,57,0,25,8,2,0,0,3,2
34,35,Iorgos,Donlon,idonlony@cisco.com,1,6,0,37,8,5,0,0,0,0
35,36,Alejandro,Pudding,apuddingz@accuweather.com,1,46,0,18,5,1,0,1,3,2
36,37,Eada,Bleasdale,ebleasdale10@bloglines.com,0,49,0,22,3,4,0,0,1,0
37,38,Andre,Grzegorzewski,agrzegorzewski11@smh.com.au,1,5,0,52,0,4,0,0,1,0
38,39,Mireille,World,mworld12@psu.edu,0,7,0,36,8,0,0,5,0,1
39,40,Rickert,Tyson,rtyson13@ifeng.com,1,44,0,33,9,0,0,5,0,1
40,41,Pincus,Domniney,pdomniney14@hugedomains.com,1,35,0,47,5,1,1,0,3,2
41,42,Rossy,Wolfinger,rwolfinger15@sciencedirect.com,1,17,0,40,9,2,0,0,3,2
42,43,Bari,Blewitt,bblewitt16@jimdo.com,0,11,0,23,3,5,0,0,0,0
43,44,Kally,Kivelle,kkivelle17@nifty.com,0,48,0,38,0,1,0,1,3,2
44,45,Corella,Wetherburn,cwetherburn18@wikimedia.org,0,26,0,52,1,4,0,0,1,0
45,46,Eleen,Cheel,echeel19@lulu.com,0,19,0,55,2,4,0,0,1,0
46,47,Sibbie,Deluce,sdeluce1a@answers.com,0,28,0,32,1,0,0,5,0,1
47,48,Vinnie,Conboy,vconboy1b@imgur.com,1,61,0,21,4,0,0,5,0,1
48,49,Lutero,Garretts,lgarretts1c@mlb.com,1,30,0,20,0,1,1,0,3,2
49,50,Aurea,Formilli,aformilli1d@drupal.org,0,26,0,55,11,0,0,0,5,2
50,51,Leonanie,Vamplus,lvamplus1e@so-net.ne.jp,0,4,0,46,8,5,0,0,0,0
51,52,Felix,Boulden,fboulden1f@google.com.br,1,5,0,25,8,1,0,1,3,2
52,53,Ignace,Iban,iiban1g@epa.gov,1,63,0,20,8,3,1,0,1,0
53,54,Luke,Broek,lbroek1h@slideshare.net,1,33,0,29,9,3,0,2,0,0
54,55,Winnie,Ciobutaru,wciobutaru1i@thetimes.co.uk,0,62,0,35,4,1,0,4,0,1
55,56,Rene,Minnis,rminnis1j@marketwatch.com,0,63,0,36,9,0,0,4,1,1
56,57,Bendick,Tume,btume1k@jimdo.com,1,10,0,37,1,1,1,0,3,2
57,58,Elliot,Clemmow,eclemmow1l@columbia.edu,1,55,0,48,3,1,1,1,2,2
58,59,Cynthy,Nockells,cnockells1m@domainmarket.com,0,20,0,43,0,2,1,1,1,0
59,60,Darelle,Dangl,ddangl1n@lycos.com,0,14,0,48,2,1,0,1,3,2
60,61,Nikita,Kiehl,nkiehl1o@imgur.com,1,2,0,21,2,3,0,1,1,0
61,62,Margarethe,Nayshe,mnayshe1p@arstechnica.com,0,26,0,49,11,3,1,1,0,0
62,63,Maurits,Olman,molman1q@ed.gov,1,13,0,24,7,2,0,3,0,1
63,64,Druci,Lincoln,dlincoln1r@smugmug.com,0,24,0,18,3,0,1,4,0,1
64,65,Billye,Porch,bporch1s@wikia.com,0,40,0,21,10,1,0,1,3,2
65,66,Rosy,Kennaird,rkennaird1t@nytimes.com,0,44,0,43,1,0,2,0,3,2
66,67,Gillan,MacNair,gmacnair1u@infoseek.co.jp,0,71,0,20,4,3,0,1,1,0
67,68,Olia,Sargison,osargison1v@blinklist.com,0,21,0,49,8,1,0,1,3,2
68,69,Caritta,Tomaszewicz,ctomaszewicz1w@amazon.com,0,58,0,40,10,3,0,1,1,0
69,70,Manda,Giacubo,mgiacubo1x@hhs.gov,0,42,0,45,2,4,0,0,1,0
70,71,Ardeen,Restill,arestill1y@miibeian.gov.cn,0,53,0,42,0,0,2,3,0,1
71,72,Glynnis,Grimble,ggrimble1z@ifeng.com,0,60,0,24,10,0,0,3,2,1
72,73,Percival,Scotchforth,pscotchforth20@prweb.com,1,39,0,24,11,1,1,0,3,2
73,74,Augy,Farncomb,afarncomb21@cmu.edu,1,22,0,37,7,1,0,0,4,2
74,75,Barthel,McNutt,bmcnutt22@blogs.com,1,44,0,54,7,4,0,1,0,0
75,76,Fidole,Cluett,fcluett23@bloglovin.com,1,61,0,50,8,1,0,1,3,2
76,77,Kirby,Matz,kmatz24@bbb.org,0,41,0,39,11,3,1,0,1,0
77,78,Tadeo,Charlton,tcharlton25@msn.com,1,69,0,54,11,3,0,0,2,0
78,79,Mirilla,Stroulger,mstroulger26@goodreads.com,0,9,0,27,11,0,0,3,2,1
79,80,Arlyne,Follitt,afollitt27@google.com.hk,0,42,0,25,6,1,1,2,1,1
80,81,Baudoin,Hekkert,bhekkert28@gizmodo.com,1,51,0,32,3,1,1,0,3,2
81,82,Fletcher,Gianulli,fgianulli29@sfgate.com,1,0,0,19,1,1,0,1,3,2
82,83,Lorene,Bottle,lbottle2a@dailymotion.com,0,23,0,40,7,3,0,1,1,0
83,84,Anderea,Renfree,arenfree2b@slideshare.net,0,70,0,42,7,1,0,1,3,2
84,85,Randolph,Shilliday,rshilliday2c@google.pl,1,55,0,43,5,3,0,1,1,0
85,86,Livvyy,Cuerdall,lcuerdall2d@elpais.com,0,3,0,52,3,2,1,1,1,0
86,87,Urbanus,Pendergrast,upendergrast2e@epa.gov,1,22,0,29,5,0,0,4,1,1
87,88,Esme,Temby,etemby2f@phoca.cz,0,27,0,42,9,0,2,3,0,1
88,89,Holmes,Loudiane,hloudiane2g@google.it,1,1,0,43,9,1,1,0,3,2
89,90,Sorcha,Gothrup,sgothrup2h@samsung.com,0,68,0,53,0,1,0,1,3,2
90,91,Chas,Mullaney,cmullaney2i@mediafire.com,1,69,0,53,7,4,0,0,1,0
91,92,Mallissa,Symcox,msymcox2j@va.gov,0,57,0,27,11,0,1,1,3,2
92,93,Errick,Dunthorne,edunthorne2k@zdnet.com,1,32,0,37,3,3,0,1,1,0
93,94,Kamillah,Gurys,kgurys2l@oakley.com,0,55,0,41,5,3,1,0,1,0
94,95,Jerry,Tampin,jtampin2m@engadget.com,1,38,0,30,2,0,0,4,1,1
95,96,Mahmoud,Davidsen,mdavidsen2n@nymag.com,1,43,0,32,10,1,0,4,0,1
96,97,Hope,French,hfrench2o@buzzfeed.com,0,34,0,55,10,1,2,0,2,2
97,98,Isiahi,Gothliff,igothliff2p@wordpress.org,1,71,0,48,9,2,1,0,2,2
98,99,Rose,Shapter,rshapter2q@stumbleupon.com,0,65,0,39,9,3,2,0,0,0
99,100,Mozelle,Gatrell,mgatrell2r@mapy.cz,0,37,0,26,2,1,1,1,2,2
100,101,Wheeler,Weatherill,wweatherill0@pagesperso-orange.fr,1,66,0,24,6,1,1,0,3,2
101,102,Tremaine,Olivazzi,tolivazzi1@miibeian.gov.cn,1,0,0,28,2,2,0,0,3,2
102,103,Fin,Faragher,ffaragher2@ovh.net,1,70,0,44,4,5,0,0,0,0
103,104,Candis,Lewsy,clewsy3@usda.gov,0,64,0,33,9,1,0,1,3,2
104,105,Letizia,Brauninger,lbrauninger4@facebook.com,0,25,0,40,3,4,0,0,1,0
105,106,Karmen,Kinane,kkinane5@statcounter.com,0,12,0,52,5,4,0,0,1,0
106,107,Darin,Moran,dmoran6@behance.net,1,67,0,32,2,0,0,5,0,1
107,108,Elicia,Buxsey,ebuxsey7@paginegialle.it,0,35,0,25,2,0,0,5,0,1
108,109,Saundra,Solloway,ssolloway8@ebay.com,0,54,0,35,6,1,1,0,3,2
109,110,Tades,Glyn,tglyn9@prweb.com,1,27,0,23,11,2,0,0,3,2
110,111,Arney,Canwell,acanwella@prnewswire.com,1,15,0,40,0,5,0,0,0,0
111,112,Packston,Walewicz,pwalewiczb@amazon.co.jp,1,10,0,47,3,1,0,1,3,2
112,113,Lorrie,Markwelley,lmarkwelleyc@printfriendly.com,0,16,0,27,10,4,0,0,1,0
113,114,Lianne,Isham,lishamd@si.edu,0,29,0,39,10,4,0,0,1,0
114,115,Gregory,Kops,gkopse@elegantthemes.com,1,18,0,31,3,0,0,5,0,1
115,116,Hermon,Thrower,hthrowerf@pcworld.com,1,50,0,22,0,0,0,5,0,1
116,117,Alfie,Emblow,aemblowg@youku.com,1,40,0,47,0,1,1,0,3,2
117,118,Yoshi,McBain,ymcbainh@biblegateway.com,0,46,0,31,9,2,0,0,3,2
118,119,Silvester,Tellenbach,stellenbachi@marriott.com,1,56,0,40,3,5,0,0,0,0
119,120,Frederica,Syratt,fsyrattj@vistaprint.com,0,69,0,37,11,1,0,1,3,2
120,121,Tobe,Mamwell,tmamwellk@phpbb.com,1,72,0,21,10,4,0,0,1,0
121,122,Rurik,Nicolls,rnicollsl@macromedia.com,1,31,0,23,5,4,0,0,1,0
122,123,Fidelity,Ledbury,fledburym@europa.eu,0,47,0,55,10,0,0,5,0,1
123,124,Prentice,Hellwig,phellwign@netscape.com,1,59,0,48,9,0,0,5,0,1
124,125,Gwendolen,Karolczyk,gkarolczyko@deviantart.com,0,8,0,32,8,1,1,0,3,2
125,126,Bartholomeus,Ruberry,bruberryp@reverbnation.com,1,36,0,24,10,2,0,0,3,2
126,127,Leon,Stoffels,lstoffelsq@ox.ac.uk,1,52,0,24,2,5,0,0,0,0
127,128,Constantine,Simeons,csimeonsr@mysql.com,0,1,0,39,4,1,0,1,3,2
128,129,Marita,Samples,msampless@nationalgeographic.com,0,43,0,53,2,4,0,0,1,0
129,130,Fax,Figger,ffiggert@blogger.com,1,29,0,26,7,4,0,0,1,0
130,131,Pollyanna,Pero,pperou@ca.gov,0,45,0,22,2,0,0,5,0,1
131,132,Waverley,Grumell,wgrumellv@time.com,1,40,0,45,9,0,0,5,0,1
132,133,Garrick,Geffe,ggeffew@bizjournals.com,1,10,0,34,7,1,1,0,3,2
133,134,Davy,Ashborn,dashbornx@lulu.com,1,57,0,25,8,2,0,0,3,2
134,135,Iorgos,Donlon,idonlony@cisco.com,1,6,0,37,8,5,0,0,0,0
135,136,Alejandro,Pudding,apuddingz@accuweather.com,1,46,0,18,5,1,0,1,3,2
136,137,Eada,Bleasdale,ebleasdale10@bloglines.com,0,49,0,22,3,4,0,0,1,0
137,138,Andre,Grzegorzewski,agrzegorzewski11@smh.com.au,1,5,0,52,0,4,0,0,1,0
138,139,Mireille,World,mworld12@psu.edu,0,7,0,36,8,0,0,5,0,1
139,140,Rickert,Tyson,rtyson13@ifeng.com,1,44,0,33,9,0,0,5,0,1
140,141,Pincus,Domniney,pdomniney14@hugedomains.com,1,35,0,47,5,1,1,0,3,2
141,142,Rossy,Wolfinger,rwolfinger15@sciencedirect.com,1,17,0,40,9,2,0,0,3,2
142,143,Bari,Blewitt,bblewitt16@jimdo.com,0,11,0,23,3,5,0,0,0,0
143,144,Kally,Kivelle,kkivelle17@nifty.com,0,48,0,38,0,1,0,1,3,2
144,145,Corella,Wetherburn,cwetherburn18@wikimedia.org,0,26,0,52,1,4,0,0,1,0
145,146,Eleen,Cheel,echeel19@lulu.com,0,19,0,55,2,4,0,0,1,0
146,147,Sibbie,Deluce,sdeluce1a@answers.com,0,28,0,32,1,0,0,5,0,1
147,148,Vinnie,Conboy,vconboy1b@imgur.com,1,61,0,21,4,0,0,5,0,1
148,149,Lutero,Garretts,lgarretts1c@mlb.com,1,30,0,20,0,1,1,0,3,2
149,150,Aurea,Formilli,aformilli1d@drupal.org,0,26,0,55,11,0,0,0,5,2
150,151,Leonanie,Vamplus,lvamplus1e@so-net.ne.jp,0,4,0,46,8,5,0,0,0,0
151,152,Felix,Boulden,fboulden1f@google.com.br,1,5,0,25,8,1,0,1,3,2
152,153,Ignace,Iban,iiban1g@epa.gov,1,63,0,20,8,3,1,0,1,0
153,154,Luke,Broek,lbroek1h@slideshare.net,1,33,0,29,9,3,0,2,0,0
154,155,Winnie,Ciobutaru,wciobutaru1i@thetimes.co.uk,0,62,0,35,4,1,0,4,0,1
155,156,Rene,Minnis,rminnis1j@marketwatch.com,0,63,0,36,9,0,0,4,1,1
156,157,Bendick,Tume,btume1k@jimdo.com,1,10,0,37,1,1,1,0,3,2
157,158,Elliot,Clemmow,eclemmow1l@columbia.edu,1,55,0,48,3,1,1,1,2,2
158,159,Cynthy,Nockells,cnockells1m@domainmarket.com,0,20,0,43,0,2,1,1,1,0
159,160,Darelle,Dangl,ddangl1n@lycos.com,0,14,0,48,2,1,0,1,3,2
160,161,Nikita,Kiehl,nkiehl1o@imgur.com,1,2,0,21,2,3,0,1,1,0
161,162,Margarethe,Nayshe,mnayshe1p@arstechnica.com,0,26,0,49,11,3,1,1,0,0
162,163,Maurits,Olman,molman1q@ed.gov,1,13,0,24,7,2,0,3,0,1
163,164,Druci,Lincoln,dlincoln1r@smugmug.com,0,24,0,18,3,0,1,4,0,1
164,165,Billye,Porch,bporch1s@wikia.com,0,40,0,21,10,1,0,1,3,2
165,166,Rosy,Kennaird,rkennaird1t@nytimes.com,0,44,0,43,1,0,2,0,3,2
166,167,Gillan,MacNair,gmacnair1u@infoseek.co.jp,0,71,0,20,4,3,0,1,1,0
167,168,Olia,Sargison,osargison1v@blinklist.com,0,21,0,49,8,1,0,1,3,2
168,169,Caritta,Tomaszewicz,ctomaszewicz1w@amazon.com,0,58,0,40,10,3,0,1,1,0
169,170,Manda,Giacubo,mgiacubo1x@hhs.gov,0,42,0,45,2,4,0,0,1,0
170,171,Ardeen,Restill,arestill1y@miibeian.gov.cn,0,53,0,42,0,0,2,3,0,1
171,172,Glynnis,Grimble,ggrimble1z@ifeng.com,0,60,0,24,10,0,0,3,2,1
172,173,Percival,Scotchforth,pscotchforth20@prweb.com,1,39,0,24,11,1,1,0,3,2
173,174,Augy,Farncomb,afarncomb21@cmu.edu,1,22,0,37,7,1,0,0,4,2
174,175,Barthel,McNutt,bmcnutt22@blogs.com,1,44,0,54,7,4,0,1,0,0
175,176,Fidole,Cluett,fcluett23@bloglovin.com,1,61,0,50,8,1,0,1,3,2
176,177,Kirby,Matz,kmatz24@bbb.org,0,41,0,39,11,3,1,0,1,0
177,178,Tadeo,Charlton,tcharlton25@msn.com,1,69,0,54,11,3,0,0,2,0
178,179,Mirilla,Stroulger,mstroulger26@goodreads.com,0,9,0,27,11,0,0,3,2,1
179,180,Arlyne,Follitt,afollitt27@google.com.hk,0,42,0,25,6,1,1,2,1,1
180,181,Baudoin,Hekkert,bhekkert28@gizmodo.com,1,51,0,32,3,1,1,0,3,2
181,182,Fletcher,Gianulli,fgianulli29@sfgate.com,1,0,0,19,1,1,0,1,3,2
182,183,Lorene,Bottle,lbottle2a@dailymotion.com,0,23,0,40,7,3,0,1,1,0
183,184,Anderea,Renfree,arenfree2b@slideshare.net,0,70,0,42,7,1,0,1,3,2
184,185,Randolph,Shilliday,rshilliday2c@google.pl,1,55,0,43,5,3,0,1,1,0
185,186,Livvyy,Cuerdall,lcuerdall2d@elpais.com,0,3,0,52,3,2,1,1,1,0
186,187,Urbanus,Pendergrast,upendergrast2e@epa.gov,1,22,0,29,5,0,0,4,1,1
187,188,Esme,Temby,etemby2f@phoca.cz,0,27,0,42,9,0,2,3,0,1
188,189,Holmes,Loudiane,hloudiane2g@google.it,1,1,0,43,9,1,1,0,3,2
189,190,Sorcha,Gothrup,sgothrup2h@samsung.com,0,68,0,53,0,1,0,1,3,2
190,191,Chas,Mullaney,cmullaney2i@mediafire.com,1,69,0,53,7,4,0,0,1,0
191,192,Mallissa,Symcox,msymcox2j@va.gov,0,57,0,27,11,0,1,1,3,2
192,193,Errick,Dunthorne,edunthorne2k@zdnet.com,1,32,0,37,3,3,0,1,1,0
193,194,Kamillah,Gurys,kgurys2l@oakley.com,0,55,0,41,5,3,1,0,1,0
194,195,Jerry,Tampin,jtampin2m@engadget.com,1,38,0,30,2,0,0,4,1,1
195,196,Mahmoud,Davidsen,mdavidsen2n@nymag.com,1,43,0,32,10,1,0,4,0,1
196,197,Hope,French,hfrench2o@buzzfeed.com,0,34,0,55,10,1,2,0,2,2
197,198,Isiahi,Gothliff,igothliff2p@wordpress.org,1,71,0,48,9,2,1,0,2,2
198,199,Rose,Shapter,rshapter2q@stumbleupon.com,0,65,0,39,9,3,2,0,0,0
199,200,Mozelle,Gatrell,mgatrell2r@mapy.cz,0,37,0,26,2,1,1,1,2,2
200,201,Wheeler,Weatherill,wweatherill0@pagesperso-orange.fr,1,66,0,24,6,1,1,0,3,2
201,202,Tremaine,Olivazzi,tolivazzi1@miibeian.gov.cn,1,0,0,28,2,2,0,0,3,2
202,203,Fin,Faragher,ffaragher2@ovh.net,1,70,0,44,4,5,0,0,0,0
203,204,Candis,Lewsy,clewsy3@usda.gov,0,64,0,33,9,1,0,1,3,2
204,205,Letizia,Brauninger,lbrauninger4@facebook.com,0,25,0,40,3,4,0,0,1,0
205,206,Karmen,Kinane,kkinane5@statcounter.com,0,12,0,52,5,4,0,0,1,0
206,207,Darin,Moran,dmoran6@behance.net,1,67,0,32,2,0,0,5,0,1
207,208,Elicia,Buxsey,ebuxsey7@paginegialle.it,0,35,0,25,2,0,0,5,0,1
208,209,Saundra,Solloway,ssolloway8@ebay.com,0,54,0,35,6,1,1,0,3,2
209,210,Tades,Glyn,tglyn9@prweb.com,1,27,0,23,11,2,0,0,3,2
210,211,Arney,Canwell,acanwella@prnewswire.com,1,15,0,40,0,5,0,0,0,0
211,212,Packston,Walewicz,pwalewiczb@amazon.co.jp,1,10,0,47,3,1,0,1,3,2
212,213,Lorrie,Markwelley,lmarkwelleyc@printfriendly.com,0,16,0,27,10,4,0,0,1,0
213,214,Lianne,Isham,lishamd@si.edu,0,29,0,39,10,4,0,0,1,0
214,215,Gregory,Kops,gkopse@elegantthemes.com,1,18,0,31,3,0,0,5,0,1
215,216,Hermon,Thrower,hthrowerf@pcworld.com,1,50,0,22,0,0,0,5,0,1
216,217,Alfie,Emblow,aemblowg@youku.com,1,40,0,47,0,1,1,0,3,2
217,218,Yoshi,McBain,ymcbainh@biblegateway.com,0,46,0,31,9,2,0,0,3,2
218,219,Silvester,Tellenbach,stellenbachi@marriott.com,1,56,0,40,3,5,0,0,0,0
219,220,Frederica,Syratt,fsyrattj@vistaprint.com,0,69,0,37,11,1,0,1,3,2
220,221,Tobe,Mamwell,tmamwellk@phpbb.com,1,72,0,21,10,4,0,0,1,0
221,222,Rurik,Nicolls,rnicollsl@macromedia.com,1,31,0,23,5,4,0,0,1,0
222,223,Fidelity,Ledbury,fledburym@europa.eu,0,47,0,55,10,0,0,5,0,1
223,224,Prentice,Hellwig,phellwign@netscape.com,1,59,0,48,9,0,0,5,0,1
224,225,Gwendolen,Karolczyk,gkarolczyko@deviantart.com,0,8,0,32,8,1,1,0,3,2
225,226,Bartholomeus,Ruberry,bruberryp@reverbnation.com,1,36,0,24,10,2,0,0,3,2
226,227,Leon,Stoffels,lstoffelsq@ox.ac.uk,1,52,0,24,2,5,0,0,0,0
227,228,Constantine,Simeons,csimeonsr@mysql.com,0,1,0,39,4,1,0,1,3,2
228,229,Marita,Samples,msampless@nationalgeographic.com,0,43,0,53,2,4,0,0,1,0
229,230,Fax,Figger,ffiggert@blogger.com,1,29,0,26,7,4,0,0,1,0
230,231,Pollyanna,Pero,pperou@ca.gov,0,45,0,22,2,0,0,5,0,1
231,232,Waverley,Grumell,wgrumellv@time.com,1,40,0,45,9,0,0,5,0,1
232,233,Garrick,Geffe,ggeffew@bizjournals.com,1,10,0,34,7,1,1,0,3,2
233,234,Davy,Ashborn,dashbornx@lulu.com,1,57,0,25,8,2,0,0,3,2
234,235,Iorgos,Donlon,idonlony@cisco.com,1,6,0,37,8,5,0,0,0,0
235,236,Alejandro,Pudding,apuddingz@accuweather.com,1,46,0,18,5,1,0,1,3,2
236,237,Eada,Bleasdale,ebleasdale10@bloglines.com,0,49,0,22,3,4,0,0,1,0
237,238,Andre,Grzegorzewski,agrzegorzewski11@smh.com.au,1,5,0,52,0,4,0,0,1,0
238,239,Mireille,World,mworld12@psu.edu,0,7,0,36,8,0,0,5,0,1
239,240,Rickert,Tyson,rtyson13@ifeng.com,1,44,0,33,9,0,0,5,0,1
240,241,Pincus,Domniney,pdomniney14@hugedomains.com,1,35,0,47,5,1,1,0,3,2
241,242,Rossy,Wolfinger,rwolfinger15@sciencedirect.com,1,17,0,40,9,2,0,0,3,2
242,243,Bari,Blewitt,bblewitt16@jimdo.com,0,11,0,23,3,5,0,0,0,0
243,244,Kally,Kivelle,kkivelle17@nifty.com,0,48,0,38,0,1,0,1,3,2
244,245,Corella,Wetherburn,cwetherburn18@wikimedia.org,0,26,0,52,1,4,0,0,1,0
245,246,Eleen,Cheel,echeel19@lulu.com,0,19,0,55,2,4,0,0,1,0
246,247,Sibbie,Deluce,sdeluce1a@answers.com,0,28,0,32,1,0,0,5,0,1
247,248,Vinnie,Conboy,vconboy1b@imgur.com,1,61,0,21,4,0,0,5,0,1
248,249,Lutero,Garretts,lgarretts1c@mlb.com,1,30,0,20,0,1,1,0,3,2
249,250,Aurea,Formilli,aformilli1d@drupal.org,0,26,0,55,11,0,0,0,5,2
250,251,Leonanie,Vamplus,lvamplus1e@so-net.ne.jp,0,4,0,46,8,5,0,0,0,0
251,252,Felix,Boulden,fboulden1f@google.com.br,1,5,0,25,8,1,0,1,3,2
252,253,Ignace,Iban,iiban1g@epa.gov,1,63,0,20,8,3,1,0,1,0
253,254,Luke,Broek,lbroek1h@slideshare.net,1,33,0,29,9,3,0,2,0,0
254,255,Winnie,Ciobutaru,wciobutaru1i@thetimes.co.uk,0,62,0,35,4,1,0,4,0,1
255,256,Rene,Minnis,rminnis1j@marketwatch.com,0,63,0,36,9,0,0,4,1,1
256,257,Bendick,Tume,btume1k@jimdo.com,1,10,0,37,1,1,1,0,3,2
257,258,Elliot,Clemmow,eclemmow1l@columbia.edu,1,55,0,48,3,1,1,1,2,2
258,259,Cynthy,Nockells,cnockells1m@domainmarket.com,0,20,0,43,0,2,1,1,1,0
259,260,Darelle,Dangl,ddangl1n@lycos.com,0,14,0,48,2,1,0,1,3,2
260,261,Nikita,Kiehl,nkiehl1o@imgur.com,1,2,0,21,2,3,0,1,1,0
261,262,Margarethe,Nayshe,mnayshe1p@arstechnica.com,0,26,0,49,11,3,1,1,0,0
262,263,Maurits,Olman,molman1q@ed.gov,1,13,0,24,7,2,0,3,0,1
263,264,Druci,Lincoln,dlincoln1r@smugmug.com,0,24,0,18,3,0,1,4,0,1
264,265,Billye,Porch,bporch1s@wikia.com,0,40,0,21,10,1,0,1,3,2
265,266,Rosy,Kennaird,rkennaird1t@nytimes.com,0,44,0,43,1,0,2,0,3,2
266,267,Gillan,MacNair,gmacnair1u@infoseek.co.jp,0,71,0,20,4,3,0,1,1,0
267,268,Olia,Sargison,osargison1v@blinklist.com,0,21,0,49,8,1,0,1,3,2
268,269,Caritta,Tomaszewicz,ctomaszewicz1w@amazon.com,0,58,0,40,10,3,0,1,1,0
269,270,Manda,Giacubo,mgiacubo1x@hhs.gov,0,42,0,45,2,4,0,0,1,0
270,271,Ardeen,Restill,arestill1y@miibeian.gov.cn,0,53,0,42,0,0,2,3,0,1
271,272,Glynnis,Grimble,ggrimble1z@ifeng.com,0,60,0,24,10,0,0,3,2,1
272,273,Percival,Scotchforth,pscotchforth20@prweb.com,1,39,0,24,11,1,1,0,3,2
273,274,Augy,Farncomb,afarncomb21@cmu.edu,1,22,0,37,7,1,0,0,4,2
274,275,Barthel,McNutt,bmcnutt22@blogs.com,1,44,0,54,7,4,0,1,0,0
275,276,Fidole,Cluett,fcluett23@bloglovin.com,1,61,0,50,8,1,0,1,3,2
276,277,Kirby,Matz,kmatz24@bbb.org,0,41,0,39,11,3,1,0,1,0
277,278,Tadeo,Charlton,tcharlton25@msn.com,1,69,0,54,11,3,0,0,2,0
278,279,Mirilla,Stroulger,mstroulger26@goodreads.com,0,9,0,27,11,0,0,3,2,1
279,280,Arlyne,Follitt,afollitt27@google.com.hk,0,42,0,25,6,1,1,2,1,1
280,281,Baudoin,Hekkert,bhekkert28@gizmodo.com,1,51,0,32,3,1,1,0,3,2
281,282,Fletcher,Gianulli,fgianulli29@sfgate.com,1,0,0,19,1,1,0,1,3,2
282,283,Lorene,Bottle,lbottle2a@dailymotion.com,0,23,0,40,7,3,0,1,1,0
283,284,Anderea,Renfree,arenfree2b@slideshare.net,0,70,0,42,7,1,0,1,3,2
284,285,Randolph,Shilliday,rshilliday2c@google.pl,1,55,0,43,5,3,0,1,1,0
285,286,Livvyy,Cuerdall,lcuerdall2d@elpais.com,0,3,0,52,3,2,1,1,1,0
286,287,Urbanus,Pendergrast,upendergrast2e@epa.gov,1,22,0,29,5,0,0,4,1,1
287,288,Esme,Temby,etemby2f@phoca.cz,0,27,0,42,9,0,2,3,0,1
288,289,Holmes,Loudiane,hloudiane2g@google.it,1,1,0,43,9,1,1,0,3,2
289,290,Sorcha,Gothrup,sgothrup2h@samsung.com,0,68,0,53,0,1,0,1,3,2
290,291,Chas,Mullaney,cmullaney2i@mediafire.com,1,69,0,53,7,4,0,0,1,0
291,292,Mallissa,Symcox,msymcox2j@va.gov,0,57,0,27,11,0,1,1,3,2
292,293,Errick,Dunthorne,edunthorne2k@zdnet.com,1,32,0,37,3,3,0,1,1,0
293,294,Kamillah,Gurys,kgurys2l@oakley.com,0,55,0,41,5,3,1,0,1,0
294,295,Jerry,Tampin,jtampin2m@engadget.com,1,38,0,30,2,0,0,4,1,1
295,296,Mahmoud,Davidsen,mdavidsen2n@nymag.com,1,43,0,32,10,1,0,4,0,1
296,297,Hope,French,hfrench2o@buzzfeed.com,0,34,0,55,10,1,2,0,2,2
297,298,Isiahi,Gothliff,igothliff2p@wordpress.org,1,71,0,48,9,2,1,0,2,2
298,299,Rose,Shapter,rshapter2q@stumbleupon.com,0,65,0,39,9,3,2,0,0,0
299,300,Mozelle,Gatrell,mgatrell2r@mapy.cz,0,37,0,26,2,1,1,1,2,2
300,301,Wheeler,Weatherill,wweatherill0@pagesperso-orange.fr,1,66,0,24,6,1,1,0,3,2
301,302,Tremaine,Olivazzi,tolivazzi1@miibeian.gov.cn,1,0,0,28,2,2,0,0,3,2
302,303,Fin,Faragher,ffaragher2@ovh.net,1,70,0,44,4,5,0,0,0,0
303,304,Candis,Lewsy,clewsy3@usda.gov,0,64,0,33,9,1,0,1,3,2
304,305,Letizia,Brauninger,lbrauninger4@facebook.com,0,25,0,40,3,4,0,0,1,0
305,306,Karmen,Kinane,kkinane5@statcounter.com,0,12,0,52,5,4,0,0,1,0
306,307,Darin,Moran,dmoran6@behance.net,1,67,0,32,2,0,0,5,0,1
307,308,Elicia,Buxsey,ebuxsey7@paginegialle.it,0,35,0,25,2,0,0,5,0,1
308,309,Saundra,Solloway,ssolloway8@ebay.com,0,54,0,35,6,1,1,0,3,2
309,310,Tades,Glyn,tglyn9@prweb.com,1,27,0,23,11,2,0,0,3,2
310,311,Arney,Canwell,acanwella@prnewswire.com,1,15,0,40,0,5,0,0,0,0
311,312,Packston,Walewicz,pwalewiczb@amazon.co.jp,1,10,0,47,3,1,0,1,3,2
312,313,Lorrie,Markwelley,lmarkwelleyc@printfriendly.com,0,16,0,27,10,4,0,0,1,0
313,314,Lianne,Isham,lishamd@si.edu,0,29,0,39,10,4,0,0,1,0
314,315,Gregory,Kops,gkopse@elegantthemes.com,1,18,0,31,3,0,0,5,0,1
315,316,Hermon,Thrower,hthrowerf@pcworld.com,1,50,0,22,0,0,0,5,0,1
316,317,Alfie,Emblow,aemblowg@youku.com,1,40,0,47,0,1,1,0,3,2
317,318,Yoshi,McBain,ymcbainh@biblegateway.com,0,46,0,31,9,2,0,0,3,2
318,319,Silvester,Tellenbach,stellenbachi@marriott.com,1,56,0,40,3,5,0,0,0,0
319,320,Frederica,Syratt,fsyrattj@vistaprint.com,0,69,0,37,11,1,0,1,3,2
320,321,Tobe,Mamwell,tmamwellk@phpbb.com,1,72,0,21,10,4,0,0,1,0
321,322,Rurik,Nicolls,rnicollsl@macromedia.com,1,31,0,23,5,4,0,0,1,0
322,323,Fidelity,Ledbury,fledburym@europa.eu,0,47,0,55,10,0,0,5,0,1
323,324,Prentice,Hellwig,phellwign@netscape.com,1,59,0,48,9,0,0,5,0,1
324,325,Gwendolen,Karolczyk,gkarolczyko@deviantart.com,0,8,0,32,8,1,1,0,3,2
325,326,Bartholomeus,Ruberry,bruberryp@reverbnation.com,1,36,0,24,10,2,0,0,3,2
326,327,Leon,Stoffels,lstoffelsq@ox.ac.uk,1,52,0,24,2,5,0,0,0,0
327,328,Constantine,Simeons,csimeonsr@mysql.com,0,1,0,39,4,1,0,1,3,2
328,329,Marita,Samples,msampless@nationalgeographic.com,0,43,0,53,2,4,0,0,1,0
329,330,Fax,Figger,ffiggert@blogger.com,1,29,0,26,7,4,0,0,1,0
330,331,Pollyanna,Pero,pperou@ca.gov,0,45,0,22,2,0,0,5,0,1
331,332,Waverley,Grumell,wgrumellv@time.com,1,40,0,45,9,0,0,5,0,1
332,333,Garrick,Geffe,ggeffew@bizjournals.com,1,10,0,34,7,1,1,0,3,2
333,334,Davy,Ashborn,dashbornx@lulu.com,1,57,0,25,8,2,0,0,3,2
334,335,Iorgos,Donlon,idonlony@cisco.com,1,6,0,37,8,5,0,0,0,0
335,336,Alejandro,Pudding,apuddingz@accuweather.com,1,46,0,18,5,1,0,1,3,2
336,337,Eada,Bleasdale,ebleasdale10@bloglines.com,0,49,0,22,3,4,0,0,1,0
337,338,Andre,Grzegorzewski,agrzegorzewski11@smh.com.au,1,5,0,52,0,4,0,0,1,0
338,339,Mireille,World,mworld12@psu.edu,0,7,0,36,8,0,0,5,0,1
339,340,Rickert,Tyson,rtyson13@ifeng.com,1,44,0,33,9,0,0,5,0,1
340,341,Pincus,Domniney,pdomniney14@hugedomains.com,1,35,0,47,5,1,1,0,3,2
341,342,Rossy,Wolfinger,rwolfinger15@sciencedirect.com,1,17,0,40,9,2,0,0,3,2
342,343,Bari,Blewitt,bblewitt16@jimdo.com,0,11,0,23,3,5,0,0,0,0
343,344,Kally,Kivelle,kkivelle17@nifty.com,0,48,0,38,0,1,0,1,3,2
344,345,Corella,Wetherburn,cwetherburn18@wikimedia.org,0,26,0,52,1,4,0,0,1,0
345,346,Eleen,Cheel,echeel19@lulu.com,0,19,0,55,2,4,0,0,1,0
346,347,Sibbie,Deluce,sdeluce1a@answers.com,0,28,0,32,1,0,0,5,0,1
347,348,Vinnie,Conboy,vconboy1b@imgur.com,1,61,0,21,4,0,0,5,0,1
348,349,Lutero,Garretts,lgarretts1c@mlb.com,1,30,0,20,0,1,1,0,3,2
349,350,Aurea,Formilli,aformilli1d@drupal.org,0,26,0,55,11,0,0,0,5,2
350,351,Leonanie,Vamplus,lvamplus1e@so-net.ne.jp,0,4,0,46,8,5,0,0,0,0
351,352,Felix,Boulden,fboulden1f@google.com.br,1,5,0,25,8,1,0,1,3,2
352,353,Ignace,Iban,iiban1g@epa.gov,1,63,0,20,8,3,1,0,1,0
353,354,Luke,Broek,lbroek1h@slideshare.net,1,33,0,29,9,3,0,2,0,0
354,355,Winnie,Ciobutaru,wciobutaru1i@thetimes.co.uk,0,62,0,35,4,1,0,4,0,1
355,356,Rene,Minnis,rminnis1j@marketwatch.com,0,63,0,36,9,0,0,4,1,1
356,357,Bendick,Tume,btume1k@jimdo.com,1,10,0,37,1,1,1,0,3,2
357,358,Elliot,Clemmow,eclemmow1l@columbia.edu,1,55,0,48,3,1,1,1,2,2
358,359,Cynthy,Nockells,cnockells1m@domainmarket.com,0,20,0,43,0,2,1,1,1,0
359,360,Darelle,Dangl,ddangl1n@lycos.com,0,14,0,48,2,1,0,1,3,2
360,361,Nikita,Kiehl,nkiehl1o@imgur.com,1,2,0,21,2,3,0,1,1,0
361,362,Margarethe,Nayshe,mnayshe1p@arstechnica.com,0,26,0,49,11,3,1,1,0,0
362,363,Maurits,Olman,molman1q@ed.gov,1,13,0,24,7,2,0,3,0,1
363,364,Druci,Lincoln,dlincoln1r@smugmug.com,0,24,0,18,3,0,1,4,0,1
364,365,Billye,Porch,bporch1s@wikia.com,0,40,0,21,10,1,0,1,3,2
365,366,Rosy,Kennaird,rkennaird1t@nytimes.com,0,44,0,43,1,0,2,0,3,2
366,367,Gillan,MacNair,gmacnair1u@infoseek.co.jp,0,71,0,20,4,3,0,1,1,0
367,368,Olia,Sargison,osargison1v@blinklist.com,0,21,0,49,8,1,0,1,3,2
368,369,Caritta,Tomaszewicz,ctomaszewicz1w@amazon.com,0,58,0,40,10,3,0,1,1,0
369,370,Manda,Giacubo,mgiacubo1x@hhs.gov,0,42,0,45,2,4,0,0,1,0
370,371,Ardeen,Restill,arestill1y@miibeian.gov.cn,0,53,0,42,0,0,2,3,0,1
371,372,Glynnis,Grimble,ggrimble1z@ifeng.com,0,60,0,24,10,0,0,3,2,1
372,373,Percival,Scotchforth,pscotchforth20@prweb.com,1,39,0,24,11,1,1,0,3,2
373,374,Augy,Farncomb,afarncomb21@cmu.edu,1,22,0,37,7,1,0,0,4,2
374,375,Barthel,McNutt,bmcnutt22@blogs.com,1,44,0,54,7,4,0,1,0,0
375,376,Fidole,Cluett,fcluett23@bloglovin.com,1,61,0,50,8,1,0,1,3,2
376,377,Kirby,Matz,kmatz24@bbb.org,0,41,0,39,11,3,1,0,1,0
377,378,Tadeo,Charlton,tcharlton25@msn.com,1,69,0,54,11,3,0,0,2,0
378,379,Mirilla,Stroulger,mstroulger26@goodreads.com,0,9,0,27,11,0,0,3,2,1
379,380,Arlyne,Follitt,afollitt27@google.com.hk,0,42,0,25,6,1,1,2,1,1
380,381,Baudoin,Hekkert,bhekkert28@gizmodo.com,1,51,0,32,3,1,1,0,3,2
381,382,Fletcher,Gianulli,fgianulli29@sfgate.com,1,0,0,19,1,1,0,1,3,2
382,383,Lorene,Bottle,lbottle2a@dailymotion.com,0,23,0,40,7,3,0,1,1,0
383,384,Anderea,Renfree,arenfree2b@slideshare.net,0,70,0,42,7,1,0,1,3,2
384,385,Randolph,Shilliday,rshilliday2c@google.pl,1,55,0,43,5,3,0,1,1,0
385,386,Livvyy,Cuerdall,lcuerdall2d@elpais.com,0,3,0,52,3,2,1,1,1,0
386,387,Urbanus,Pendergrast,upendergrast2e@epa.gov,1,22,0,29,5,0,0,4,1,1
387,388,Esme,Temby,etemby2f@phoca.cz,0,27,0,42,9,0,2,3,0,1
388,389,Holmes,Loudiane,hloudiane2g@google.it,1,1,0,43,9,1,1,0,3,2
389,390,Sorcha,Gothrup,sgothrup2h@samsung.com,0,68,0,53,0,1,0,1,3,2
390,391,Chas,Mullaney,cmullaney2i@mediafire.com,1,69,0,53,7,4,0,0,1,0
391,392,Mallissa,Symcox,msymcox2j@va.gov,0,57,0,27,11,0,1,1,3,2
392,393,Errick,Dunthorne,edunthorne2k@zdnet.com,1,32,0,37,3,3,0,1,1,0
393,394,Kamillah,Gurys,kgurys2l@oakley.com,0,55,0,41,5,3,1,0,1,0
394,395,Jerry,Tampin,jtampin2m@engadget.com,1,38,0,30,2,0,0,4,1,1
395,396,Mahmoud,Davidsen,mdavidsen2n@nymag.com,1,43,0,32,10,1,0,4,0,1
396,397,Hope,French,hfrench2o@buzzfeed.com,0,34,0,55,10,1,2,0,2,2
397,398,Isiahi,Gothliff,igothliff2p@wordpress.org,1,71,0,48,9,2,1,0,2,2
398,399,Rose,Shapter,rshapter2q@stumbleupon.com,0,65,0,39,9,3,2,0,0,0
399,400,Mozelle,Gatrell,mgatrell2r@mapy.cz,0,37,0,26,2,1,1,1,2,2
400,401,Wheeler,Weatherill,wweatherill0@pagesperso-orange.fr,1,66,0,24,6,1,1,0,3,2
401,402,Tremaine,Olivazzi,tolivazzi1@miibeian.gov.cn,1,0,0,28,2,2,0,0,3,2
402,403,Fin,Faragher,ffaragher2@ovh.net,1,70,0,44,4,5,0,0,0,0
403,404,Candis,Lewsy,clewsy3@usda.gov,0,64,0,33,9,1,0,1,3,2
404,405,Letizia,Brauninger,lbrauninger4@facebook.com,0,25,0,40,3,4,0,0,1,0
405,406,Karmen,Kinane,kkinane5@statcounter.com,0,12,0,52,5,4,0,0,1,0
406,407,Darin,Moran,dmoran6@behance.net,1,67,0,32,2,0,0,5,0,1
407,408,Elicia,Buxsey,ebuxsey7@paginegialle.it,0,35,0,25,2,0,0,5,0,1
408,409,Saundra,Solloway,ssolloway8@ebay.com,0,54,0,35,6,1,1,0,3,2
409,410,Tades,Glyn,tglyn9@prweb.com,1,27,0,23,11,2,0,0,3,2
410,411,Arney,Canwell,acanwella@prnewswire.com,1,15,0,40,0,5,0,0,0,0
411,412,Packston,Walewicz,pwalewiczb@amazon.co.jp,1,10,0,47,3,1,0,1,3,2
412,413,Lorrie,Markwelley,lmarkwelleyc@printfriendly.com,0,16,0,27,10,4,0,0,1,0
413,414,Lianne,Isham,lishamd@si.edu,0,29,0,39,10,4,0,0,1,0
414,415,Gregory,Kops,gkopse@elegantthemes.com,1,18,0,31,3,0,0,5,0,1
415,416,Hermon,Thrower,hthrowerf@pcworld.com,1,50,0,22,0,0,0,5,0,1
416,417,Alfie,Emblow,aemblowg@youku.com,1,40,0,47,0,1,1,0,3,2
417,418,Yoshi,McBain,ymcbainh@biblegateway.com,0,46,0,31,9,2,0,0,3,2
418,419,Silvester,Tellenbach,stellenbachi@marriott.com,1,56,0,40,3,5,0,0,0,0
419,420,Frederica,Syratt,fsyrattj@vistaprint.com,0,69,0,37,11,1,0,1,3,2
420,421,Tobe,Mamwell,tmamwellk@phpbb.com,1,72,0,21,10,4,0,0,1,0
421,422,Rurik,Nicolls,rnicollsl@macromedia.com,1,31,0,23,5,4,0,0,1,0
422,423,Fidelity,Ledbury,fledburym@europa.eu,0,47,0,55,10,0,0,5,0,1
423,424,Prentice,Hellwig,phellwign@netscape.com,1,59,0,48,9,0,0,5,0,1
424,425,Gwendolen,Karolczyk,gkarolczyko@deviantart.com,0,8,0,32,8,1,1,0,3,2
425,426,Bartholomeus,Ruberry,bruberryp@reverbnation.com,1,36,0,24,10,2,0,0,3,2
426,427,Leon,Stoffels,lstoffelsq@ox.ac.uk,1,52,0,24,2,5,0,0,0,0
427,428,Constantine,Simeons,csimeonsr@mysql.com,0,1,0,39,4,1,0,1,3,2
428,429,Marita,Samples,msampless@nationalgeographic.com,0,43,0,53,2,4,0,0,1,0
429,430,Fax,Figger,ffiggert@blogger.com,1,29,0,26,7,4,0,0,1,0
430,431,Pollyanna,Pero,pperou@ca.gov,0,45,0,22,2,0,0,5,0,1
431,432,Waverley,Grumell,wgrumellv@time.com,1,40,0,45,9,0,0,5,0,1
432,433,Garrick,Geffe,ggeffew@bizjournals.com,1,10,0,34,7,1,1,0,3,2
433,434,Davy,Ashborn,dashbornx@lulu.com,1,57,0,25,8,2,0,0,3,2
434,435,Iorgos,Donlon,idonlony@cisco.com,1,6,0,37,8,5,0,0,0,0
435,436,Alejandro,Pudding,apuddingz@accuweather.com,1,46,0,18,5,1,0,1,3,2
436,437,Eada,Bleasdale,ebleasdale10@bloglines.com,0,49,0,22,3,4,0,0,1,0
437,438,Andre,Grzegorzewski,agrzegorzewski11@smh.com.au,1,5,0,52,0,4,0,0,1,0
438,439,Mireille,World,mworld12@psu.edu,0,7,0,36,8,0,0,5,0,1
439,440,Rickert,Tyson,rtyson13@ifeng.com,1,44,0,33,9,0,0,5,0,1
440,441,Pincus,Domniney,pdomniney14@hugedomains.com,1,35,0,47,5,1,1,0,3,2
441,442,Rossy,Wolfinger,rwolfinger15@sciencedirect.com,1,17,0,40,9,2,0,0,3,2
442,443,Bari,Blewitt,bblewitt16@jimdo.com,0,11,0,23,3,5,0,0,0,0
443,444,Kally,Kivelle,kkivelle17@nifty.com,0,48,0,38,0,1,0,1,3,2
444,445,Corella,Wetherburn,cwetherburn18@wikimedia.org,0,26,0,52,1,4,0,0,1,0
445,446,Eleen,Cheel,echeel19@lulu.com,0,19,0,55,2,4,0,0,1,0
446,447,Sibbie,Deluce,sdeluce1a@answers.com,0,28,0,32,1,0,0,5,0,1
447,448,Vinnie,Conboy,vconboy1b@imgur.com,1,61,0,21,4,0,0,5,0,1
448,449,Lutero,Garretts,lgarretts1c@mlb.com,1,30,0,20,0,1,1,0,3,2
449,450,Aurea,Formilli,aformilli1d@drupal.org,0,26,0,55,11,0,0,0,5,2
450,451,Leonanie,Vamplus,lvamplus1e@so-net.ne.jp,0,4,0,46,8,5,0,0,0,0
451,452,Felix,Boulden,fboulden1f@google.com.br,1,5,0,25,8,1,0,1,3,2
452,453,Ignace,Iban,iiban1g@epa.gov,1,63,0,20,8,3,1,0,1,0
453,454,Luke,Broek,lbroek1h@slideshare.net,1,33,0,29,9,3,0,2,0,0
454,455,Winnie,Ciobutaru,wciobutaru1i@thetimes.co.uk,0,62,0,35,4,1,0,4,0,1
455,456,Rene,Minnis,rminnis1j@marketwatch.com,0,63,0,36,9,0,0,4,1,1
456,457,Bendick,Tume,btume1k@jimdo.com,1,10,0,37,1,1,1,0,3,2
457,458,Elliot,Clemmow,eclemmow1l@columbia.edu,1,55,0,48,3,1,1,1,2,2
458,459,Cynthy,Nockells,cnockells1m@domainmarket.com,0,20,0,43,0,2,1,1,1,0
459,460,Darelle,Dangl,ddangl1n@lycos.com,0,14,0,48,2,1,0,1,3,2
460,461,Nikita,Kiehl,nkiehl1o@imgur.com,1,2,0,21,2,3,0,1,1,0
461,462,Margarethe,Nayshe,mnayshe1p@arstechnica.com,0,26,0,49,11,3,1,1,0,0
462,463,Maurits,Olman,molman1q@ed.gov,1,13,0,24,7,2,0,3,0,1
463,464,Druci,Lincoln,dlincoln1r@smugmug.com,0,24,0,18,3,0,1,4,0,1
464,465,Billye,Porch,bporch1s@wikia.com,0,40,0,21,10,1,0,1,3,2
465,466,Rosy,Kennaird,rkennaird1t@nytimes.com,0,44,0,43,1,0,2,0,3,2
466,467,Gillan,MacNair,gmacnair1u@infoseek.co.jp,0,71,0,20,4,3,0,1,1,0
467,468,Olia,Sargison,osargison1v@blinklist.com,0,21,0,49,8,1,0,1,3,2
468,469,Caritta,Tomaszewicz,ctomaszewicz1w@amazon.com,0,58,0,40,10,3,0,1,1,0
469,470,Manda,Giacubo,mgiacubo1x@hhs.gov,0,42,0,45,2,4,0,0,1,0
470,471,Ardeen,Restill,arestill1y@miibeian.gov.cn,0,53,0,42,0,0,2,3,0,1
471,472,Glynnis,Grimble,ggrimble1z@ifeng.com,0,60,0,24,10,0,0,3,2,1
472,473,Percival,Scotchforth,pscotchforth20@prweb.com,1,39,0,24,11,1,1,0,3,2
473,474,Augy,Farncomb,afarncomb21@cmu.edu,1,22,0,37,7,1,0,0,4,2
474,475,Barthel,McNutt,bmcnutt22@blogs.com,1,44,0,54,7,4,0,1,0,0
475,476,Fidole,Cluett,fcluett23@bloglovin.com,1,61,0,50,8,1,0,1,3,2
476,477,Kirby,Matz,kmatz24@bbb.org,0,41,0,39,11,3,1,0,1,0
477,478,Tadeo,Charlton,tcharlton25@msn.com,1,69,0,54,11,3,0,0,2,0
478,479,Mirilla,Stroulger,mstroulger26@goodreads.com,0,9,0,27,11,0,0,3,2,1
479,480,Arlyne,Follitt,afollitt27@google.com.hk,0,42,0,25,6,1,1,2,1,1
480,481,Baudoin,Hekkert,bhekkert28@gizmodo.com,1,51,0,32,3,1,1,0,3,2
481,482,Fletcher,Gianulli,fgianulli29@sfgate.com,1,0,0,19,1,1,0,1,3,2
482,483,Lorene,Bottle,lbottle2a@dailymotion.com,0,23,0,40,7,3,0,1,1,0
483,484,Anderea,Renfree,arenfree2b@slideshare.net,0,70,0,42,7,1,0,1,3,2
484,485,Randolph,Shilliday,rshilliday2c@google.pl,1,55,0,43,5,3,0,1,1,0
485,486,Livvyy,Cuerdall,lcuerdall2d@elpais.com,0,3,0,52,3,2,1,1,1,0
486,487,Urbanus,Pendergrast,upendergrast2e@epa.gov,1,22,0,29,5,0,0,4,1,1
487,488,Esme,Temby,etemby2f@phoca.cz,0,27,0,42,9,0,2,3,0,1
488,489,Holmes,Loudiane,hloudiane2g@google.it,1,1,0,43,9,1,1,0,3,2
489,490,Sorcha,Gothrup,sgothrup2h@samsung.com,0,68,0,53,0,1,0,1,3,2
490,491,Chas,Mullaney,cmullaney2i@mediafire.com,1,69,0,53,7,4,0,0,1,0
491,492,Mallissa,Symcox,msymcox2j@va.gov,0,57,0,27,11,0,1,1,3,2
492,493,Errick,Dunthorne,edunthorne2k@zdnet.com,1,32,0,37,3,3,0,1,1,0
493,494,Kamillah,Gurys,kgurys2l@oakley.com,0,55,0,41,5,3,1,0,1,0
494,495,Jerry,Tampin,jtampin2m@engadget.com,1,38,0,30,2,0,0,4,1,1
495,496,Mahmoud,Davidsen,mdavidsen2n@nymag.com,1,43,0,32,10,1,0,4,0,1
496,497,Hope,French,hfrench2o@buzzfeed.com,0,34,0,55,10,1,2,0,2,2
497,498,Isiahi,Gothliff,igothliff2p@wordpress.org,1,71,0,48,9,2,1,0,2,2
498,499,Rose,Shapter,rshapter2q@stumbleupon.com,0,65,0,39,9,3,2,0,0,0
499,500,Mozelle,Gatrell,mgatrell2r@mapy.cz,0,37,0,26,2,1,1,1,2,2
