id,first_name,last_name,email,gender,City,Country,Age,Profession
1,Flory,Vize,fvize0@yellowpages.com,Male,Swinford,Ireland,43,Engineering
2,Mikkel,Stollwerck,mstollwerck1@bandcamp.com,Male,Castleblayney,Ireland,44,Support
3,Haley,Carberry,hcarberry2@bloomberg.com,Female,Tuam,Ireland,45,Sales
4,Byrom,Rames,brames3@foxnews.com,Male,Ballyhaunis,Ireland,53,Accounting
5,Reggis,Rodenburg,rrodenburg4@about.com,Male,Dundrum,Ireland,35,Research and Development
6,Allan,Gilcrist,agilcrist5@house.gov,Male,Moate,Ireland,32,Human Resources
7,Anatollo,Lydiard,alydiard6@umn.edu,Male,Tallaght,Ireland,44,Accounting
8,Janos,Bonhomme,jbonhomme7@oaic.gov.au,Male,Caherconlish,Ireland,38,Sales
