id,first_name,last_name,email,gender,City,Country,Age,Profession,Adventure,Architecture,Beach,Clothing,Food,Nature,MainCategory
10,Caldwell,Fewlass,cfewlass9@ehow.com,Male,Cherryville,Ireland,30,Business Development,1,1,2,0,3,2,Food
11,Drusy,Lanaway,dlanawaya@narod.ru,Female,Castlemartyr,Ireland,23,Accounting,3,3,0,1,1,2,Architecture
12,Trish,Purveys,tpurveysb@theguardian.com,Female,Granard,Ireland,34,Training,3,2,0,0,2,3,Nature
13,Gardie,Bridges,gbridgesc@deliciousdays.com,Male,Church End,United Kingdom,32,Services,3,5,0,0,0,2,Architecture
14,Hobard,Budd,hbuddd@hatena.ne.jp,Male,Watergrasshill,Ireland,18,Services,3,3,0,1,1,2,Architecture
15,Janina,Bratty,jbrattye@ucla.edu,Female,Newton,United Kingdom,36,Human Resources,2,2,1,1,2,2,Nature
16,Danyette,Lesley,dlesleyf@earthlink.net,Female,Clondalkin,Ireland,40,Services,0,3,1,2,1,3,Architecture
17,Sibilla,Lauritzen,slauritzeng@netscape.com,Female,Charlesland,Ireland,37,Engineering,1,5,0,3,1,0,Architecture
18,Webster,Arnley,warnleyh@istockphoto.com,Male,Milton,United Kingdom,23,Research and Development,2,3,3,0,2,0,Beach
19,Benita,Lante,blantei@yale.edu,Female,Linton,United Kingdom,37,Human Resources,3,3,0,2,1,1,Adventure
20,Willie,Westley,wwestleyj@yellowpages.com,Male,Newtown,United Kingdom,39,Sales,3,5,0,0,2,0,Architecture
21,Eugene,Lafay,elafayk@google.cn,Male,Granard,Ireland,39,Services,1,3,1,1,0,4,Nature
22,Desi,Kenforth,dkenforthl@woothemes.com,Male,Crumlin,Ireland,24,Research and Development,1,4,1,0,3,1,Architecture
23,Duffie,Ferreli,dferrelim@weather.com,Male,Fermoy,Ireland,20,Training,2,2,0,4,0,2,Clothing
24,Beatrice,Mannock,bmannockn@wired.com,Female,Trá Mhór,Ireland,37,Engineering,3,3,1,0,0,3,Architecture
25,Marchelle,Hastings,mhastingso@sun.com,Female,Tuam,Ireland,38,Business Development,2,5,2,1,0,0,Architecture
26,Joycelin,Riddington,jriddingtonp@fotki.com,Female,Newmarket on Fergus,Ireland,32,Human Resources,2,4,1,1,0,2,Architecture
27,Benedetto,Faustin,bfaustinq@ebay.co.uk,Male,Bristol,United Kingdom,34,Engineering,2,1,2,1,0,4,Nature
28,Harp,Simonato,hsimonator@geocities.com,Male,Athy,Ireland,34,Business Development,2,5,1,1,0,1,Architecture
29,Jorrie,Vedenyakin,jvedenyakins@prweb.com,Female,Twyford,United Kingdom,30,Training,3,3,0,0,2,2,Architecture
30,Cynthy,Houtby,choutbyt@blogs.com,Female,Castleknock,Ireland,37,Services,3,1,1,0,1,4,Nature
31,Patrizia,Balding,pbaldingu@w3.org,Female,Leeds,United Kingdom,31,Accounting,1,5,0,3,1,0,Architecture
32,Dougie,Bothen,dbothenv@noaa.gov,Male,Ballymun,Ireland,40,Human Resources,1,2,1,3,0,3,Clothing
33,My,Sandyfirth,msandyfirthw@opera.com,Male,Halton,United Kingdom,28,Engineering,1,3,0,4,0,2,Clothing
34,Correna,Blase,cblasex@fema.gov,Female,Kinlough,Ireland,40,Legal,1,3,1,1,2,2,Architecture
35,Neville,Greasty,ngreastyy@tuttocitta.it,Male,Athy,Ireland,21,Marketing,3,2,0,1,2,2,Adventure
36,Dallis,Janout,djanoutz@amazon.de,Male,Wootton,United Kingdom,20,Marketing,3,3,1,1,1,1,Architecture
37,Brant,Attenbarrow,battenbarrow10@prweb.com,Male,Church End,United Kingdom,18,Research and Development,4,1,0,0,1,4,Nature
38,Catharina,Ricciardiello,cricciardiello11@mayoclinic.com,Female,Athlone,Ireland,38,Legal,2,5,0,2,0,1,Architecture
39,Silvanus,Schruyer,sschruyer12@instagram.com,Male,Dalkey,Ireland,37,Engineering,0,5,0,2,2,1,Architecture
40,Annaliese,Ransome,aransome13@joomla.org,Female,Naas,Ireland,22,Legal,1,6,2,1,0,0,Architecture
41,Oates,O'Donnelly,oodonnelly14@wikimedia.org,Male,Ashbourne,Ireland,26,Training,2,5,0,0,0,3,Architecture
42,Cord,Lambol,clambol15@youku.com,Male,Newton,United Kingdom,22,Human Resources,5,1,1,1,1,1,Adventure
43,Deva,Sleet,dsleet16@stumbleupon.com,Female,Tuam,Ireland,35,Business Development,1,1,0,1,3,4,Nature
44,York,Sammon,ysammon17@hubpages.com,Male,Sutton,United Kingdom,31,Services,2,4,0,1,1,2,Architecture
45,Neill,Ovesen,novesen18@scientificamerican.com,Male,London,United Kingdom,32,Training,1,1,0,4,1,3,Clothing
46,Fritz,Zannutti,fzannutti19@addtoany.com,Male,Church End,United Kingdom,25,Training,4,1,0,1,1,3,Adventure
47,Donni,Porrett,dporrett1a@chronoengine.com,Female,Ballybofey,Ireland,23,Services,1,4,0,0,3,2,Architecture
48,Eddy,Okell,eokell1b@qq.com,Male,Sutton,Ireland,24,Sales,1,3,1,0,1,4,Nature
49,Yancy,Ephgrave,yephgrave1c@who.int,Male,Swindon,United Kingdom,39,Human Resources,4,4,1,0,0,1,Architecture
50,Cammy,Alway,calway1d@wordpress.com,Male,Newtown,United Kingdom,26,Legal,1,4,0,1,2,2,Architecture
51,Raynell,Sinclair,rsinclair1e@list-manage.com,Female,Kildare,Ireland,36,Human Resources,3,2,1,2,1,1,Adventure
52,Blake,Franckton,bfranckton1f@goo.ne.jp,Female,Daingean,Ireland,37,Human Resources,0,3,0,0,2,5,Nature
53,Ravi,Dearnley,rdearnley1g@livejournal.com,Male,Malahide,Ireland,24,Business Development,5,2,0,1,2,0,Adventure
54,Ira,Disbrow,idisbrow1h@wordpress.org,Female,Cavan,Ireland,35,Research and Development,2,3,1,1,2,1,Architecture
55,Alta,Earwicker,aearwicker1i@sun.com,Female,Kildare,Ireland,37,Engineering,1,4,0,3,0,2,Architecture
56,Elnar,Tapsell,etapsell1j@shareasale.com,Male,Eadestown,Ireland,37,Engineering,1,2,0,2,0,5,Nature
57,Allys,O'Gorman,aogorman1k@newsvine.com,Female,Monasterevin,Ireland,20,Product Management,1,1,0,2,1,5,Nature
58,Sena,Kopelman,skopelman1l@storify.com,Female,Valleymount,Ireland,26,Human Resources,2,1,0,0,1,6,Nature
59,Georgianne,Cunliffe,gcunliffe1m@house.gov,Female,Rathwire,Ireland,29,Sales,3,5,0,1,0,1,Architecture
60,Basia,Chaplin,bchaplin1n@statcounter.com,Female,Leixlip,Ireland,20,Accounting,3,5,1,0,0,1,Architecture
61,Moina,Arnopp,marnopp1o@themeforest.net,Female,Thomastown,Ireland,29,Accounting,3,3,1,0,2,1,Architecture
62,Corney,Tyne,ctyne1p@prlog.org,Male,Cabinteely,Ireland,30,Legal,2,4,1,1,1,1,Architecture
63,Augy,Spelsbury,aspelsbury1q@usa.gov,Male,Longford,Ireland,32,Legal,0,4,0,0,2,4,Nature
64,Quintin,Hardwick,qhardwick1r@cmu.edu,Male,Whitwell,United Kingdom,38,Engineering,3,1,0,1,2,3,Adventure
65,Dougy,Joscelin,djoscelin1s@printfriendly.com,Male,Eadestown,Ireland,29,Accounting,3,0,4,0,1,2,Beach
66,Lanna,Pau,lpau1t@t-online.de,Female,East End,United Kingdom,30,Human Resources,1,4,0,2,1,2,Architecture
67,Caron,Leaver,cleaver1u@mapy.cz,Female,Tuam,Ireland,25,Product Management,5,0,1,2,1,1,Adventure
68,Alyse,Jean,ajean1v@utexas.edu,Female,Shankill,Ireland,35,Business Development,3,2,1,2,1,1,Adventure
69,Filberte,Anger,fanger1w@apache.org,Male,Lucan,Ireland,28,Services,2,2,0,0,2,4,Nature
70,Shermy,Bonnick,sbonnick1x@bandcamp.com,Male,Bristol,United Kingdom,25,Business Development,2,1,1,0,5,1,Food
71,Selie,Robertucci,srobertucci1y@upenn.edu,Female,Bantry,Ireland,30,Training,5,1,0,1,1,2,Adventure
72,Tristam,Domokos,tdomokos1z@narod.ru,Male,Twyford,United Kingdom,30,Human Resources,1,6,1,0,0,2,Architecture
73,Gareth,Ferraraccio,gferraraccio20@cnn.com,Male,Gweedore,Ireland,29,Engineering,1,2,1,3,1,2,Clothing
74,Bettye,Beet,bbeet21@comcast.net,Female,London,United Kingdom,25,Human Resources,1,4,0,0,1,4,Nature
75,Lilias,Cock,lcock22@51.la,Female,Castlebridge,Ireland,25,Accounting,3,4,1,0,0,2,Architecture
76,Bathsheba,McPolin,bmcpolin23@edublogs.org,Female,Newtown,United Kingdom,39,Legal,1,4,0,0,3,2,Food
77,Grazia,Ferrai,gferrai24@techcrunch.com,Female,Milltown,Ireland,26,Legal,4,1,0,2,1,2,Adventure
78,Erny,Gandey,egandey25@narod.ru,Male,Ballinteer,Ireland,31,Research and Development,2,2,1,0,2,3,Nature
79,Madelon,Hellewell,mhellewell26@cafepress.com,Female,Swinford,Ireland,40,Training,1,4,1,2,1,1,Architecture
80,Jay,Deacock,jdeacock27@reference.com,Male,Ratoath,Ireland,18,Marketing,3,4,0,1,0,2,Architecture
81,Reilly,Graddell,rgraddell28@msn.com,Male,Rathdrum,Ireland,22,Services,4,3,1,0,1,1,Adventure
82,Rowan,Boatwright,rboatwright29@tamu.edu,Male,Annacotty,Ireland,35,Product Management,2,2,1,1,1,3,Nature
83,Aprilette,Mixture,amixture2a@wired.com,Female,Sutton,United Kingdom,22,Marketing,2,1,0,2,2,3,Nature
84,Dukey,Bedow,dbedow2b@ox.ac.uk,Male,London,United Kingdom,39,Services,3,3,0,3,0,1,Clothing
85,Cecilio,Evamy,cevamy2c@sina.com.cn,Male,Brampton,United Kingdom,27,Product Management,1,6,1,0,1,1,Architecture
86,Sophie,Alps,salps2d@networkadvertising.org,Female,Castleblayney,Ireland,22,Services,3,4,1,0,1,1,Architecture
87,Becka,Palethorpe,bpalethorpe2e@hexun.com,Female,Crossmolina,Ireland,27,Legal,3,3,2,0,0,2,Architecture
88,Janenna,Wile,jwile2f@gnu.org,Female,Coolock,Ireland,37,Engineering,1,4,0,1,0,4,Nature
89,Sammy,Blades,sblades2g@wsj.com,Male,Portumna,Ireland,25,Engineering,0,4,0,1,1,4,Architecture
90,Carol-jean,Eddisforth,ceddisforth2h@digg.com,Female,Sheffield,United Kingdom,19,Sales,2,3,1,3,0,1,Clothing
91,Spense,Gerbi,sgerbi2i@nhs.uk,Male,Nenagh,Ireland,26,Engineering,2,3,1,1,1,2,Architecture
92,Sebastien,Wilber,swilber2j@walmart.com,Male,Tallaght,Ireland,21,Human Resources,3,1,0,0,5,1,Food
93,Micheline,Bhatia,mbhatia2k@dailymail.co.uk,Female,Ardee,Ireland,19,Legal,1,5,0,0,0,4,Architecture
94,Lindi,Paz,lpaz2l@tinypic.com,Female,Mullagh,Ireland,38,Human Resources,4,0,0,2,0,4,Adventure
95,Neale,Morrott,nmorrott2m@sun.com,Male,Lucan,Ireland,21,Human Resources,4,3,0,1,1,1,Adventure
96,Lurlene,Dartnell,ldartnell2n@noaa.gov,Female,Granard,Ireland,33,Support,1,2,2,0,1,4,Nature
97,Tabor,Ebbin,tebbin2o@google.com.au,Male,Whitchurch,United Kingdom,40,Human Resources,2,2,0,4,1,1,Clothing
98,Pall,Tzuker,ptzuker2p@sina.com.cn,Male,Enniskerry,Ireland,28,Training,0,5,0,1,0,4,Architecture
99,Chiquita,Kinchley,ckinchley2q@ycombinator.com,Female,Aughrim,Ireland,21,Business Development,2,3,0,1,1,3,Nature
100,Welbie,Burgum,wburgum2r@tinyurl.com,Male,Aghada,Ireland,35,Engineering,1,4,0,1,2,2,Architecture
101,Cale,Ferrulli,cferrulli2s@amazon.de,Male,Upton,United Kingdom,27,Business Development,2,4,1,1,0,2,Architecture
102,Celine,Vernalls,cvernalls2t@shareasale.com,Female,Glasgow,United Kingdom,35,Engineering,1,4,1,2,1,1,Architecture
103,Clarke,Godilington,cgodilington2u@reddit.com,Male,Kingston,United Kingdom,22,Sales,0,6,0,0,0,4,Architecture
104,Kile,Gouny,kgouny2v@t-online.de,Male,Charlesland,Ireland,40,Services,3,6,0,0,0,1,Architecture
105,Lewie,Caselli,lcaselli2w@nasa.gov,Male,Upton,United Kingdom,27,Accounting,3,2,0,2,1,2,Adventure
106,Lotty,Boner,lboner2x@google.it,Female,Crumlin,Ireland,26,Support,1,2,0,1,2,4,Nature
107,Ailene,Hulburd,ahulburd2y@google.com.au,Female,Belfast,United Kingdom,24,Product Management,0,6,1,0,1,2,Architecture
108,Trueman,Yeeles,tyeeles2z@com.com,Male,Bearna,Ireland,25,Human Resources,1,1,4,1,1,2,Beach
109,Josselyn,Halstead,jhalstead30@comcast.net,Female,Dublin,Ireland,28,Sales,3,0,5,0,0,2,Beach
110,Delores,Picker,dpicker31@state.tx.us,Female,Kinlough,Ireland,34,Product Management,2,2,1,2,2,1,Adventure
111,Roderic,Gladstone,rgladstone32@globo.com,Male,Milton,United Kingdom,27,Sales,2,4,0,1,0,3,Architecture
112,Skipp,Eul,seul33@nsw.gov.au,Male,Whitegate,Ireland,27,Business Development,4,5,1,0,0,0,Architecture
113,Cindy,Landsbury,clandsbury34@sbwire.com,Female,Merton,United Kingdom,37,Services,3,3,1,0,0,3,Adventure
114,Paolina,Fell,pfell35@telegraph.co.uk,Female,Tralee,Ireland,31,Engineering,2,4,0,2,1,1,Architecture
115,Barry,Bonellie,bbonellie36@flickr.com,Female,Eadestown,Ireland,37,Human Resources,0,4,2,1,2,1,Architecture
116,Lynnett,Palister,lpalister37@ehow.com,Female,Manorhamilton,Ireland,37,Services,0,2,0,3,1,4,Nature
117,Cathee,Woodcroft,cwoodcroft38@vimeo.com,Female,Norton,United Kingdom,19,Business Development,5,1,1,0,2,1,Adventure
118,Shea,Goacher,sgoacher39@foxnews.com,Female,Enniskerry,Ireland,30,Sales,4,1,1,1,2,1,Adventure
119,Tracy,Unwin,tunwin3a@xinhuanet.com,Male,Navan,Ireland,24,Legal,4,0,0,2,2,2,Adventure
120,Huntley,Rowthorn,hrowthorn3b@cam.ac.uk,Male,Rathwire,Ireland,31,Human Resources,2,5,0,2,0,1,Architecture
121,Lelah,Markwick,lmarkwick3c@delicious.com,Female,Dunmanway,Ireland,38,Services,3,3,0,2,0,2,Adventure
122,Cassandry,Taillard,ctaillard3d@youtube.com,Female,Sallins,Ireland,34,Engineering,2,3,0,1,2,2,Architecture
123,Diane-marie,O'Connolly,doconnolly3e@seattletimes.com,Female,Clondalkin,Ireland,39,Accounting,0,1,4,1,2,2,Beach
124,Ulick,Willmetts,uwillmetts3f@nhs.uk,Male,Cabinteely,Ireland,35,Human Resources,3,2,0,1,2,2,Adventure
125,Erastus,Maxwell,emaxwell3g@hud.gov,Male,Greenhills,Ireland,31,Research and Development,4,3,1,1,0,1,Adventure
126,Orelie,Cotte,ocotte3h@amazonaws.com,Female,Ballyhaunis,Ireland,20,Marketing,4,3,0,0,2,1,Adventure
127,Lizette,Liddicoat,lliddicoat3i@live.com,Female,Newbiggin,United Kingdom,18,Product Management,2,4,0,0,1,3,Architecture
128,Antonella,Eakeley,aeakeley3j@craigslist.org,Female,Birr,Ireland,34,Legal,2,4,2,1,0,1,Architecture
129,Barrie,Whild,bwhild3k@dropbox.com,Female,Beaumont,Ireland,39,Training,2,1,1,4,2,0,Clothing
130,Mercy,Daily,mdaily3l@free.fr,Female,Granard,Ireland,29,Accounting,0,6,1,1,1,1,Architecture
131,Roana,Luter,rluter3m@bloglovin.com,Female,Raheny,Ireland,38,Training,0,3,0,1,2,4,Nature
132,Nathalia,Le-Good,nlegood3n@goodreads.com,Female,Fairview,Ireland,33,Support,2,3,0,2,0,3,Architecture
133,Bevan,Karsh,bkarsh3o@vinaora.com,Male,Dalkey,Ireland,23,Business Development,3,2,0,1,0,4,Nature
134,Tiphany,Blanchette,tblanchette3p@geocities.jp,Female,Donabate,Ireland,23,Business Development,4,1,0,1,1,3,Adventure
135,Faustine,Sanham,fsanham3q@go.com,Female,Ardee,Ireland,27,Human Resources,3,1,0,1,2,3,Adventure
136,Alexei,Hawes,ahawes3r@latimes.com,Male,Liverpool,United Kingdom,31,Accounting,2,2,0,1,2,3,Nature
137,Teodor,Stanman,tstanman3s@storify.com,Male,Church End,United Kingdom,39,Support,1,6,0,1,1,1,Architecture
138,Lilias,Gianiello,lgianiello3t@scientificamerican.com,Female,Carrigaline,Ireland,37,Business Development,1,5,0,1,3,0,Architecture
139,Edy,Shepstone,eshepstone3u@1und1.de,Female,Castleknock,Ireland,26,Legal,2,6,0,2,0,0,Architecture
140,Brandy,Scarth,bscarth3v@rambler.ru,Male,Clondalkin,Ireland,22,Product Management,2,6,0,1,0,1,Architecture
141,Orazio,Hightown,ohightown3w@com.com,Male,Watergrasshill,Ireland,27,Business Development,1,5,1,1,0,2,Architecture
142,Putnem,McRory,pmcrory3x@scribd.com,Male,Donabate,Ireland,25,Support,2,1,0,2,0,5,Nature
143,Ivan,Duddan,iduddan3y@fastcompany.com,Male,Midleton,Ireland,33,Human Resources,2,3,1,0,1,3,Nature
144,Sharyl,Bottrill,sbottrill3z@yellowpages.com,Female,Rathdrum,Ireland,35,Engineering,3,2,2,0,1,2,Adventure
145,Tarah,Copner,tcopner40@technorati.com,Female,Longford,Ireland,27,Product Management,2,1,0,6,1,0,Food
146,Lilian,Pond,lpond41@bbb.org,Female,Whitchurch,United Kingdom,31,Services,1,2,3,0,2,2,Beach
147,Robbi,Hanfrey,rhanfrey42@china.com.cn,Female,Newtown,United Kingdom,34,Training,3,3,1,3,0,0,Adventure
148,Gleda,Warwicker,gwarwicker43@oakley.com,Female,Carrigtwohill,Ireland,26,Engineering,0,2,2,2,0,4,Nature
149,Ulrich,Faichnie,ufaichnie44@tiny.cc,Male,Kill,Ireland,38,Engineering,1,2,2,0,2,3,Nature
150,Margalo,Vasilic,mvasilic45@youtu.be,Female,Ballisodare,Ireland,38,Sales,3,3,0,0,0,4,Adventure
151,Sarena,Elsip,selsip46@wikimedia.org,Female,Donnycarney,Ireland,32,Legal,2,5,0,0,2,1,Architecture
152,Karilynn,MacDougal,kmacdougal47@netscape.com,Female,Balally,Ireland,36,Sales,1,2,1,1,2,3,Nature
153,Ferdy,Chatelain,fchatelain48@geocities.jp,Male,Newtown,United Kingdom,19,Human Resources,1,1,0,1,5,2,Food
154,Kienan,McConigal,kmcconigal49@taobao.com,Male,Castlemartyr,Ireland,37,Sales,2,1,1,5,0,1,Clothing
155,Juliet,Scampion,jscampion4a@de.vu,Female,Kilmacanoge,Ireland,35,Engineering,1,2,0,1,4,2,Food
156,Jamie,Caw,jcaw4b@disqus.com,Male,Kill,Ireland,19,Marketing,1,3,1,3,2,0,Clothing
157,Timoteo,Moulson,tmoulson4c@networkadvertising.org,Male,Cork,Ireland,26,Support,5,2,0,0,0,3,Nature
158,Maura,Cornbell,mcornbell4d@paypal.com,Female,Balally,Ireland,27,Marketing,3,2,0,1,1,3,Adventure
159,Adiana,Abdon,aabdon4e@opensource.org,Female,Liverpool,United Kingdom,20,Product Management,1,5,0,2,1,1,Architecture
160,Melody,Tiron,mtiron4f@oracle.com,Female,Monasterevin,Ireland,40,Services,1,4,0,1,2,2,Architecture
161,Agna,Barfitt,abarfitt4g@cnn.com,Female,Coolock,Ireland,40,Training,2,3,0,0,4,1,Food
162,Daniela,Krauss,dkrauss4h@newyorker.com,Female,Dean,United Kingdom,36,Human Resources,2,2,1,0,1,4,Nature
163,Mose,Gillbe,mgillbe4i@techcrunch.com,Male,Longwood,Ireland,39,Business Development,3,3,0,1,1,2,Architecture
164,Sigismund,Shailer,sshailer4j@odnoklassniki.ru,Male,Thomastown,Ireland,24,Engineering,4,1,1,1,1,2,Adventure
165,Elene,MacKniely,emackniely4k@digg.com,Female,Norton,United Kingdom,22,Support,2,4,0,2,2,0,Architecture
166,Keen,Mallall,kmallall4l@nsw.gov.au,Male,Shankill,Ireland,25,Training,0,4,1,0,4,1,Food
167,Nataline,Lathey,nlathey4m@pen.io,Female,Walton,United Kingdom,39,Product Management,2,5,0,1,0,2,Architecture
168,Dian,Taggett,dtaggett4n@mapquest.com,Female,Old Kilcullen,Ireland,22,Engineering,2,1,1,2,1,3,Nature
169,Mikkel,Helversen,mhelversen4o@yelp.com,Male,Ford,United Kingdom,32,Sales,4,1,0,1,2,2,Adventure
170,Hailey,Fleeman,hfleeman4p@marriott.com,Male,Ballybofey,Ireland,34,Human Resources,2,3,0,1,1,3,Nature
171,Rourke,Verity,rverity4q@google.de,Male,Norton,United Kingdom,39,Sales,3,4,1,0,0,2,Architecture
172,Les,Vogeller,lvogeller4r@independent.co.uk,Male,Normanton,United Kingdom,28,Accounting,1,4,0,2,1,2,Architecture
173,Tirrell,Marling,tmarling4s@chron.com,Male,Glasnevin,Ireland,22,Human Resources,2,3,0,2,0,3,Nature
174,Jessica,Postin,jpostin4t@diigo.com,Female,Whitchurch,United Kingdom,27,Support,3,1,2,1,1,2,Adventure
175,Odo,Joll,ojoll4u@networkadvertising.org,Male,Dundrum,Ireland,34,Marketing,1,5,1,1,0,2,Architecture
176,Evy,Nestle,enestle4v@amazon.co.jp,Female,Raphoe,Ireland,40,Business Development,4,3,0,0,1,2,Adventure
177,Calypso,Plaskitt,cplaskitt4w@clickbank.net,Female,Cobh,Ireland,18,Sales,2,2,1,0,4,1,Food
178,Denver,d'Arcy,ddarcy4x@imgur.com,Male,Donabate,Ireland,26,Support,2,3,0,1,1,3,Nature
179,Wilmar,Tarbet,wtarbet4y@delicious.com,Male,Dean,United Kingdom,33,Research and Development,3,2,1,2,0,2,Adventure
180,Gilberta,Drogan,gdrogan4z@discuz.net,Female,Norton,United Kingdom,34,Engineering,0,3,4,0,2,0,Beach
181,George,Myring,gmyring50@networkadvertising.org,Female,Kilcullen,Ireland,26,Engineering,2,4,2,1,1,0,Architecture
182,Georgianna,Hovy,ghovy51@issuu.com,Female,Farranacoush,Ireland,26,Services,5,3,0,0,0,2,Adventure
183,Jerrold,Cheverton,jcheverton52@example.com,Male,Granard,Ireland,23,Research and Development,2,4,0,1,1,2,Architecture
184,Xena,Satchell,xsatchell53@narod.ru,Female,Monkstown,Ireland,29,Product Management,2,3,0,0,0,5,Nature
185,Bettine,Dickman,bdickman54@reverbnation.com,Female,Monaghan,Ireland,36,Support,1,5,1,0,1,2,Architecture
186,Nerte,Hambleton,nhambleton55@flavors.me,Female,Ballylinan,Ireland,18,Training,2,3,3,2,0,0,Beach
187,Archibold,Antoons,aantoons56@slate.com,Male,Thomastown,Ireland,32,Marketing,0,4,0,0,2,4,Nature
188,Giuditta,Camili,gcamili57@foxnews.com,Female,Langley,United Kingdom,20,Human Resources,3,0,4,0,1,2,Beach
189,Lion,Catherine,lcatherine58@cornell.edu,Male,London,United Kingdom,31,Product Management,2,0,0,4,2,2,Clothing
190,Tamar,Taynton,ttaynton59@bluehost.com,Female,Moycullen,Ireland,30,Services,3,3,0,0,1,3,Architecture
191,Ganny,Chainey,gchainey5a@salon.com,Male,Bayside,Ireland,22,Engineering,3,1,1,2,2,1,Adventure
192,Ashby,Vedstra,avedstra5b@shop-pro.jp,Male,Kiltamagh,Ireland,20,Support,2,5,1,1,0,1,Architecture
193,Sarina,Eckels,seckels5c@upenn.edu,Female,Naas,Ireland,38,Marketing,2,4,1,1,0,2,Architecture
194,Letti,Trevon,ltrevon5d@devhub.com,Female,Monaghan,Ireland,33,Research and Development,0,2,2,3,1,2,Clothing
195,Willard,Brill,wbrill5e@nytimes.com,Male,Stapleford,United Kingdom,30,Legal,5,1,0,2,0,2,Adventure
196,Silvanus,Dafforne,sdafforne5f@psu.edu,Male,Castlepollard,Ireland,26,Human Resources,2,4,0,2,1,1,Architecture
197,Kira,Lorraine,klorraine5g@elegantthemes.com,Female,Preston,United Kingdom,18,Sales,1,5,2,1,1,0,Architecture
198,Dyanna,Castelli,dcastelli5h@freewebs.com,Female,Donabate,Ireland,36,Product Management,3,3,2,0,0,2,Architecture
199,Benito,Clail,bclail5i@uol.com.br,Male,Charlesland,Ireland,18,Business Development,0,3,0,3,0,4,Nature
200,Mal,Mulqueen,mmulqueen5j@rakuten.co.jp,Male,Aghada,Ireland,28,Human Resources,1,2,1,0,1,5,Nature
201,Rafi,Haps,rhaps5k@pinterest.com,Male,Milton,United Kingdom,33,Services,3,2,1,1,1,2,Adventure
202,Madonna,Andrey,mandrey5l@last.fm,Female,Dunmanway,Ireland,21,Engineering,2,0,1,0,4,3,Food
203,Ag,Seamans,aseamans5m@va.gov,Female,Gweedore,Ireland,35,Services,2,2,1,1,1,3,Nature
204,Lanna,McKissack,lmckissack5n@jiathis.com,Female,Denton,United Kingdom,40,Services,2,5,1,0,1,1,Architecture
205,Roger,Dablin,rdablin5o@yellowbook.com,Male,Twyford,United Kingdom,31,Human Resources,0,2,3,1,1,3,Beach
206,Marnia,Bryer,mbryer5p@webs.com,Female,Ballina,Ireland,19,Human Resources,1,3,2,1,1,2,Architecture
207,Jules,Janik,jjanik5q@netlog.com,Male,Longwood,Ireland,22,Product Management,1,5,2,0,1,1,Architecture
208,Mamie,Reedman,mreedman5r@wp.com,Female,Castleblayney,Ireland,39,Services,2,2,0,5,0,1,Clothing
209,Stevana,Fippe,sfippe5s@usa.gov,Female,Weston,United Kingdom,21,Business Development,2,4,0,3,0,1,Architecture
210,Harley,Hardie,hhardie5t@google.co.jp,Male,Athlone,Ireland,32,Marketing,3,3,1,3,0,0,Clothing
211,Beltran,Smaling,bsmaling5u@lycos.com,Male,Manorhamilton,Ireland,31,Training,0,2,2,3,2,1,Clothing
212,Carree,Ritchie,critchie5v@nps.gov,Female,Weston,United Kingdom,20,Training,3,0,1,0,4,2,Food
213,Griffie,Stennine,gstennine5w@imdb.com,Male,Bantry,Ireland,18,Business Development,0,5,1,0,2,2,Architecture
214,Ginevra,Gocke,ggocke5x@nytimes.com,Female,Castleblayney,Ireland,22,Legal,3,0,4,0,0,3,Beach
215,Farr,Roback,froback5y@shareasale.com,Male,Tallaght,Ireland,21,Training,2,2,0,3,1,2,Clothing
216,Hedi,Carstairs,hcarstairs5z@bloglines.com,Female,Rathangan,Ireland,30,Services,3,2,1,2,1,1,Adventure
217,Brooks,Lochrie,blochrie60@paypal.com,Male,Pentre,United Kingdom,36,Training,2,4,1,0,1,2,Architecture
218,Natalee,Finders,nfinders61@wix.com,Female,Donegal,Ireland,33,Business Development,1,8,0,0,1,0,Architecture
219,Barbette,Ahrend,bahrend62@blinklist.com,Female,Ferbane,Ireland,32,Business Development,0,3,0,1,2,4,Nature
220,Eleonore,Hackinge,ehackinge63@yahoo.com,Female,Youghal,Ireland,35,Engineering,3,2,0,1,2,2,Adventure
221,Sioux,Tschirschky,stschirschky64@smh.com.au,Female,Charlton,United Kingdom,20,Engineering,1,4,1,0,0,4,Architecture
222,Rog,Boick,rboick65@engadget.com,Male,Piltown,Ireland,21,Accounting,1,6,0,1,0,2,Architecture
223,Marget,Bruckmann,mbruckmann66@theguardian.com,Female,Brampton,United Kingdom,32,Training,0,2,3,1,0,4,Nature
224,Theodora,Sandry,tsandry67@surveymonkey.com,Female,Foxrock,Ireland,38,Marketing,2,3,1,0,3,1,Food
225,Nadean,Ockwell,nockwell68@intel.com,Female,Glasnevin,Ireland,22,Human Resources,2,3,2,1,0,2,Architecture
226,Marguerite,Gunning,mgunning69@ox.ac.uk,Female,Sandyford,Ireland,30,Services,3,2,0,1,0,4,Nature
227,Bernarr,Ditchburn,bditchburn6a@wordpress.org,Male,Bayside,Ireland,25,Training,1,4,3,0,1,1,Architecture
228,Joelle,Dillistone,jdillistone6b@wikimedia.org,Female,Manchester,United Kingdom,40,Research and Development,1,2,1,2,3,1,Food
229,Rick,Wheaton,rwheaton6c@mtv.com,Male,Rathnew,Ireland,26,Research and Development,0,3,0,3,1,3,Nature
230,Chelsy,Pedler,cpedler6d@blinklist.com,Female,Athlone,Ireland,21,Services,3,3,0,2,0,2,Architecture
231,Roma,Dysert,rdysert6e@woothemes.com,Male,Newbiggin,United Kingdom,25,Accounting,2,2,1,1,1,3,Nature
232,Terese,Halburton,thalburton6f@eepurl.com,Female,Seaton,United Kingdom,22,Business Development,4,3,0,1,1,1,Adventure
233,Mayor,Borris,mborris6g@gravatar.com,Male,Dunlewy,Ireland,18,Research and Development,2,4,2,1,0,1,Architecture
234,Elisabetta,Husk,ehusk6h@weather.com,Female,Linton,United Kingdom,35,Human Resources,5,3,0,1,0,1,Adventure
235,Artair,Sigert,asigert6i@narod.ru,Male,Greystones,Ireland,32,Sales,3,4,0,1,0,2,Architecture
236,Odilia,Ech,oech6j@php.net,Female,London,United Kingdom,40,Business Development,3,2,1,1,1,2,Adventure
237,Bryna,Sturgeon,bsturgeon6k@wix.com,Female,Kiltamagh,Ireland,31,Training,1,3,1,1,1,3,Architecture
238,Serene,Beatens,sbeatens6l@howstuffworks.com,Female,Ballinroad,Ireland,32,Training,2,3,1,2,1,1,Architecture
239,Lionel,Stockney,lstockney6m@naver.com,Male,Swords,Ireland,19,Accounting,0,5,1,1,1,2,Architecture
240,Mitzi,Antrag,mantrag6n@berkeley.edu,Female,Longwood,Ireland,33,Sales,1,2,1,4,2,0,Clothing
241,Dudley,Benedit,dbenedit6o@ask.com,Male,Church End,United Kingdom,27,Services,1,6,1,2,0,0,Architecture
242,Norina,Faull,nfaull6p@bigcartel.com,Female,Moate,Ireland,29,Business Development,1,2,0,4,1,2,Clothing
243,Alphonso,Baltrushaitis,abaltrushaitis6q@desdev.cn,Male,Dromiskin,Ireland,39,Support,3,4,0,1,0,2,Architecture
244,Iggie,Chedgey,ichedgey6r@google.nl,Male,Kingston,United Kingdom,27,Product Management,1,3,1,1,2,2,Architecture
245,Halimeda,Edgeson,hedgeson6s@simplemachines.org,Female,Merton,United Kingdom,28,Marketing,1,1,1,4,1,2,Clothing
246,Ella,Cosby,ecosby6t@oracle.com,Female,Youghal,Ireland,38,Marketing,3,3,0,1,1,2,Adventure
247,Jabez,Orvis,jorvis6u@so-net.ne.jp,Male,Ashley,United Kingdom,39,Sales,3,3,0,1,2,1,Adventure
248,Siana,Estick,sestick6v@networkadvertising.org,Female,Eadestown,Ireland,33,Accounting,1,3,0,0,0,6,Nature
249,Risa,Hitter,rhitter6w@ibm.com,Female,Ballyjamesduff,Ireland,33,Research and Development,2,4,0,0,1,3,Architecture
250,Davy,Ditts,dditts6x@tinyurl.com,Male,Sheffield,United Kingdom,34,Product Management,3,3,1,1,1,1,Adventure
251,Mala,Tern,mtern6y@noaa.gov,Female,Sutton,Ireland,20,Legal,0,3,1,2,1,3,Nature
252,Nance,Bayles,nbayles6z@last.fm,Female,Kingston,United Kingdom,33,Legal,3,2,0,1,1,3,Nature
253,Marquita,Roust,mroust70@cyberchimps.com,Female,Whitwell,United Kingdom,34,Legal,4,0,0,1,1,4,Nature
254,Fabian,McAllan,fmcallan71@illinois.edu,Male,Kill,Ireland,22,Research and Development,4,3,0,1,1,1,Adventure
255,Candie,Lishman,clishman72@fotki.com,Female,Birmingham,United Kingdom,31,Accounting,1,2,1,1,3,2,Food
256,Ike,Oxberry,ioxberry73@disqus.com,Male,Kinsealy-Drinan,Ireland,21,Training,2,3,1,2,2,0,Architecture
257,Gal,Cash,gcash74@bing.com,Male,Mallow,Ireland,20,Research and Development,2,4,0,2,1,1,Architecture
258,Dasie,Tran,dtran75@gizmodo.com,Female,Buckland,United Kingdom,33,Research and Development,5,2,0,0,1,2,Adventure
259,Federica,Kordovani,fkordovani76@google.co.jp,Female,Ardee,Ireland,33,Services,2,3,0,4,0,1,Clothing
260,Rheta,Poland,rpoland77@mit.edu,Female,Newbiggin,United Kingdom,30,Engineering,1,2,2,1,4,0,Food
261,Tim,Wyrill,twyrill78@eepurl.com,Male,Bristol,United Kingdom,28,Marketing,4,2,0,0,0,4,Adventure
262,Symon,Westbrook,swestbrook79@netlog.com,Male,Leeds,United Kingdom,34,Human Resources,1,2,1,3,0,3,Nature
263,Arlina,Malin,amalin7a@toplist.cz,Female,Cluain Meala,Ireland,34,Human Resources,5,3,0,0,0,2,Adventure
264,Nertie,Dunster,ndunster7b@rediff.com,Female,Ballivor,Ireland,30,Marketing,3,1,0,0,5,1,Food
265,Camey,Plaistowe,cplaistowe7c@techcrunch.com,Male,Clones,Ireland,27,Engineering,3,4,0,0,1,2,Architecture
266,Bridgette,Manie,bmanie7d@forbes.com,Female,Kilmacanoge,Ireland,20,Services,2,1,3,1,1,2,Beach
267,Iona,Surridge,isurridge7e@guardian.co.uk,Female,Lucan,Ireland,27,Sales,2,0,4,1,2,1,Beach
268,Oliviero,Wisam,owisam7f@flavors.me,Male,Loughrea,Ireland,34,Marketing,0,0,5,0,3,2,Beach
269,Carlo,Gofton,cgofton7g@usda.gov,Male,Kiltamagh,Ireland,32,Product Management,3,3,1,0,2,1,Architecture
270,Hammad,Eddoes,heddoes7h@seattletimes.com,Male,Eaton,United Kingdom,40,Training,2,3,0,0,0,5,Nature
271,Shanon,Cluff,scluff7i@exblog.jp,Female,Ballymun,Ireland,34,Product Management,2,0,4,0,2,2,Beach
272,Ronnica,Gunter,rgunter7j@discuz.net,Female,Rathwire,Ireland,27,Product Management,4,3,0,1,0,2,Adventure
273,Marcelline,Kenrack,mkenrack7k@cnn.com,Female,Dromiskin,Ireland,22,Accounting,0,5,1,0,1,3,Architecture
274,Farr,Parsand,fparsand7l@istockphoto.com,Male,Prosperous,Ireland,27,Support,4,2,1,1,0,2,Adventure
275,Vanni,Lutsch,vlutsch7m@weather.com,Female,Ballinteer,Ireland,37,Accounting,1,1,2,0,6,0,Food
276,Sterling,McClinton,smcclinton7n@webnode.com,Male,Rathnew,Ireland,33,Legal,1,3,1,3,2,0,Clothing
277,Julianne,Hafner,jhafner7o@whitehouse.gov,Female,Raphoe,Ireland,36,Engineering,3,4,0,1,1,1,Architecture
278,Zeb,Pigden,zpigden7p@soup.io,Male,Gort,Ireland,19,Research and Development,1,0,2,5,2,0,Clothing
279,Mildrid,Bean,mbean7q@squarespace.com,Female,Church End,United Kingdom,26,Training,3,3,0,1,1,2,Adventure
280,Adella,Kelley,akelley7r@google.com.hk,Female,Bundoran,Ireland,31,Marketing,4,3,1,1,0,1,Adventure
281,Charissa,Dumberrill,cdumberrill7s@smugmug.com,Female,Gort,Ireland,19,Training,1,0,2,4,1,2,Clothing
282,Stacey,Sedman,ssedman7t@webnode.com,Female,Farranacoush,Ireland,18,Training,2,2,0,1,3,2,Food
283,Brendan,Panichelli,bpanichelli7u@lycos.com,Male,Balally,Ireland,24,Sales,0,2,0,0,5,3,Food
284,Arthur,Marmion,amarmion7v@phpbb.com,Male,Tullamore,Ireland,26,Human Resources,2,2,0,1,4,1,Food
285,Ebeneser,Garside,egarside7w@merriam-webster.com,Male,Kinnegad,Ireland,25,Engineering,2,0,3,5,0,0,Clothing
286,Mariquilla,Temple,mtemple7x@google.co.uk,Female,Liverpool,United Kingdom,33,Business Development,0,1,1,2,1,5,Nature
287,Brion,Neathway,bneathway7y@godaddy.com,Male,Castlemartyr,Ireland,34,Support,2,6,0,1,1,0,Architecture
288,Audry,Dron,adron7z@ning.com,Female,Norton,United Kingdom,23,Business Development,1,3,4,0,0,2,Beach
289,Basilio,Hawgood,bhawgood80@blogspot.com,Male,Ardee,Ireland,38,Legal,3,0,5,0,1,1,Beach
290,Zackariah,Fleischmann,zfleischmann81@mayoclinic.com,Male,Marston,United Kingdom,27,Product Management,2,2,0,0,1,5,Nature
291,Chad,Tumayan,ctumayan82@apache.org,Male,Aghada,Ireland,39,Research and Development,5,2,0,0,1,2,Adventure
292,Rosie,Cheverton,rcheverton83@skyrock.com,Female,Midleton,Ireland,19,Training,3,1,0,1,0,5,Nature
293,Lethia,Ebertz,lebertz84@berkeley.edu,Female,Cill Airne,Ireland,38,Product Management,3,2,1,2,1,1,Adventure
294,Orren,Lemon,olemon85@salon.com,Male,Kilmacanoge,Ireland,35,Product Management,4,6,0,0,0,0,Architecture
295,Yardley,Dodman,ydodman86@japanpost.jp,Male,Tower,Ireland,30,Training,1,5,1,1,0,2,Architecture
296,Emilio,Lambol,elambol87@wufoo.com,Male,Ashford,Ireland,36,Marketing,3,2,2,0,2,1,Adventure
297,Leodora,Melling,lmelling88@google.cn,Female,Bradford,United Kingdom,21,Sales,5,1,2,0,1,1,Adventure
298,Abdul,Dedon,adedon89@facebook.com,Male,Charlesland,Ireland,27,Training,2,3,1,2,2,0,Architecture
299,Anatole,Spradbrow,aspradbrow8a@phoca.cz,Male,Leixlip,Ireland,29,Accounting,2,0,0,3,1,4,Clothing
300,Hobart,Shreve,hshreve8b@angelfire.com,Male,Whitegate,Ireland,39,Human Resources,1,1,4,0,1,3,Beach
