id,first_name,last_name,email,gender,City,Country,Age,Profession,MainCategory,Adventure,Architecture,Beach,Clothing,Food,Nature
1,Flory,Vize,fvize0@yellowpages.com,Male,Swinford,Ireland,43,Engineering,Nature,1,1,0,1,0,2
2,Mikkel,Stollwerck,mstollwerck1@bandcamp.com,Male,Castleblayney,Ireland,44,Support,Nature,0,2,0,0,0,3
3,Haley,Carberry,hcarberry2@bloomberg.com,Female,Tuam,Ireland,45,Sales,Architecture,0,5,0,0,0,0
4,Byrom,Rames,brames3@foxnews.com,Male,Ballyhaunis,Ireland,53,Accounting,Nature,1,1,1,0,1,1
5,Reggis,Rodenburg,rrodenburg4@about.com,Male,Dundrum,Ireland,35,Research and Development,Architecture,1,4,0,0,0,0
6,Allan,Gilcrist,agilcrist5@house.gov,Male,Moate,Ireland,32,Human Resources,Architecture,0,4,0,0,0,1
7,Anatollo,Lydiard,alydiard6@umn.edu,Male,Tallaght,Ireland,44,Accounting,Beach,1,1,2,0,1,0
8,Janos,Bonhomme,jbonhomme7@oaic.gov.au,Male,Caherconlish,Ireland,38,Sales,Beach,0,0,3,0,1,1
9,Saundra,Solloway,ssolloway8@ebay.com,Female,Mallow,Ireland,35,Product Management,Nature,1,1,0,1,0,2
10,Tades,Glyn,tglyn9@prweb.com,Male,Clifden,Ireland,23,Training,Nature,0,2,0,0,0,3
11,Arney,Canwell,acanwella@prnewswire.com,Male,Booterstown,Ireland,40,Accounting,Architecture,0,5,0,0,0,0
12,Packston,Walewicz,pwalewiczb@amazon.co.jp,Male,Bayside,Ireland,47,Human Resources,Nature,1,1,1,0,1,1
13,Lorrie,Markwelley,lmarkwelleyc@printfriendly.com,Female,Boyle,Ireland,27,Support,Beach,1,1,2,0,1,0
14,Lianne,Isham,lishamd@si.edu,Female,Cloyne,Ireland,39,Support,Architecture,0,3,1,0,0,1
15,Gregory,Kops,gkopse@elegantthemes.com,Male,Carrigaline,Ireland,31,Human Resources,Food,0,0,0,1,3,1
16,Hermon,Thrower,hthrowerf@pcworld.com,Male,Kiltamagh,Ireland,22,Accounting,Food,0,0,1,0,4,0
17,Alfie,Emblow,aemblowg@youku.com,Male,Dún Laoghaire,Ireland,47,Accounting,Beach,1,0,2,0,0,2
18,Yoshi,McBain,ymcbainh@biblegateway.com,Female,Greystones,Ireland,31,Services,Beach,0,2,3,0,0,0
19,Silvester,Tellenbach,stellenbachi@marriott.com,Male,Monkstown,Ireland,40,Human Resources,Architecture,1,4,0,0,0,0
20,Frederica,Syratt,fsyrattj@vistaprint.com,Female,Thomastown,Ireland,37,Training,Nature,1,1,1,0,1,1
21,Tobe,Mamwell,tmamwellk@phpbb.com,Male,Youghal,Ireland,21,Support,Architecture,1,3,0,0,1,0
22,Rurik,Nicolls,rnicollsl@macromedia.com,Male,Cobh,Ireland,23,Marketing,Architecture,0,3,0,1,0,1
23,Fidelity,Ledbury,fledburym@europa.eu,Female,Gweedore,Ireland,55,Support,Food,0,0,2,0,3,0
24,Prentice,Hellwig,phellwign@netscape.com,Male,Mullagh,Ireland,48,Services,Food,0,2,0,0,3,0
25,Gwendolen,Karolczyk,gkarolczyko@deviantart.com,Female,Balrothery,Ireland,32,Sales,Nature,1,1,0,1,0,2
26,Bartholomeus,Ruberry,bruberryp@reverbnation.com,Male,Donegal,Ireland,24,Support,Nature,1,1,1,0,0,2
27,Leon,Stoffels,lstoffelsq@ox.ac.uk,Male,Longford,Ireland,24,Engineering,Architecture,0,5,0,0,0,0
28,Constantine,Simeons,csimeonsr@mysql.com,Female,Athy,Ireland,39,Legal,Nature,1,1,1,0,1,1
29,Marita,Samples,msampless@nationalgeographic.com,Female,Ferbane,Ireland,53,Engineering,Architecture,1,3,0,1,0,0
30,Fax,Figger,ffiggert@blogger.com,Male,Cloyne,Ireland,26,Research and Development,Architecture,0,2,1,1,0,1
31,Pollyanna,Pero,pperou@ca.gov,Female,Glasnevin,Ireland,22,Engineering,Food,0,0,0,0,5,0
32,Waverley,Grumell,wgrumellv@time.com,Male,Dún Laoghaire,Ireland,45,Services,Food,0,0,0,0,5,0
33,Garrick,Geffe,ggeffew@bizjournals.com,Male,Bayside,Ireland,34,Research and Development,Beach,1,1,2,1,0,0
34,Davy,Ashborn,dashbornx@lulu.com,Male,Moville,Ireland,25,Sales,Nature,0,2,0,0,0,3
35,Iorgos,Donlon,idonlony@cisco.com,Male,Ballyjamesduff,Ireland,37,Sales,Nature,1,1,0,1,0,2
36,Alejandro,Pudding,apuddingz@accuweather.com,Male,Greystones,Ireland,18,Marketing,Nature,0,2,0,0,0,3
37,Eada,Bleasdale,ebleasdale10@bloglines.com,Female,Killorglin,Ireland,22,Human Resources,Architecture,0,5,0,0,0,0
38,Andre,Grzegorzewski,agrzegorzewski11@smh.com.au,Male,Ballyboden,Ireland,52,Accounting,Nature,1,1,1,0,1,1
39,Mireille,World,mworld12@psu.edu,Female,Ballymahon,Ireland,36,Sales,Architecture,1,4,0,0,0,0
40,Rickert,Tyson,rtyson13@ifeng.com,Male,Foxrock,Ireland,33,Services,Architecture,0,4,0,0,0,1
41,Pincus,Domniney,pdomniney14@hugedomains.com,Male,Dalkey,Ireland,47,Marketing,Beach,1,1,2,0,1,0
42,Rossy,Wolfinger,rwolfinger15@sciencedirect.com,Male,Caherconlish,Ireland,40,Services,Beach,0,0,3,0,1,1
43,Bari,Blewitt,bblewitt16@jimdo.com,Female,Belmullet,Ireland,23,Human Resources,Nature,1,1,0,1,0,2
44,Kally,Kivelle,kkivelle17@nifty.com,Female,Kilkenny,Ireland,38,Accounting,Beach,1,1,2,1,0,0
45,Corella,Wetherburn,cwetherburn18@wikimedia.org,Female,Cill Airne,Ireland,52,Business Development,Architecture,0,5,0,0,0,0
46,Eleen,Cheel,echeel19@lulu.com,Female,Carrigtwohill,Ireland,55,Engineering,Nature,1,1,1,0,1,1
47,Sibbie,Deluce,sdeluce1a@answers.com,Female,Clones,Ireland,32,Business Development,Beach,1,1,2,0,1,0
48,Vinnie,Conboy,vconboy1b@imgur.com,Male,Oughterard,Ireland,21,Legal,Architecture,0,3,1,0,0,1
49,Lutero,Garretts,lgarretts1c@mlb.com,Male,Cluain Meala,Ireland,20,Accounting,Food,0,0,0,1,3,1
50,Aurea,Formilli,aformilli1d@drupal.org,Female,Cill Airne,Ireland,55,Training,Nature,0,2,0,0,0,3
51,Leonanie,Vamplus,lvamplus1e@so-net.ne.jp,Female,Ballivor,Ireland,46,Sales,Architecture,0,3,0,2,0,0
52,Felix,Boulden,fboulden1f@google.com.br,Male,Ballyboden,Ireland,25,Sales,Nature,1,1,1,0,1,1
53,Ignace,Iban,iiban1g@epa.gov,Male,Rathnew,Ireland,20,Sales,Architecture,1,3,0,1,0,0
54,Luke,Broek,lbroek1h@slideshare.net,Male,Crossmolina,Ireland,29,Services,Architecture,0,2,0,1,1,1
55,Winnie,Ciobutaru,wciobutaru1i@thetimes.co.uk,Female,Portarlington,Ireland,35,Legal,Food,0,0,0,0,5,0
56,Rene,Minnis,rminnis1j@marketwatch.com,Female,Rathnew,Ireland,36,Services,Food,0,0,0,0,5,0
57,Bendick,Tume,btume1k@jimdo.com,Male,Bayside,Ireland,37,Business Development,Nature,1,1,0,1,0,2
58,Elliot,Clemmow,eclemmow1l@columbia.edu,Male,Milltown,Ireland,48,Human Resources,Nature,0,2,0,0,0,3
59,Cynthy,Nockells,cnockells1m@domainmarket.com,Female,Cashel,Ireland,43,Accounting,Architecture,1,4,0,0,0,0
60,Darelle,Dangl,ddangl1n@lycos.com,Female,Blessington,Ireland,48,Engineering,Architecture,0,4,0,0,0,1
61,Nikita,Kiehl,nkiehl1o@imgur.com,Male,Bailieborough,Ireland,21,Engineering,Beach,1,1,2,0,1,0
62,Margarethe,Nayshe,mnayshe1p@arstechnica.com,Female,Cill Airne,Ireland,49,Training,Beach,0,0,3,0,1,1
63,Maurits,Olman,molman1q@ed.gov,Male,Blarney,Ireland,24,Research and Development,Nature,1,1,0,1,0,2
64,Druci,Lincoln,dlincoln1r@smugmug.com,Female,Cavan,Ireland,18,Human Resources,Beach,0,2,2,1,0,0
65,Billye,Porch,bporch1s@wikia.com,Female,Dún Laoghaire,Ireland,21,Support,Architecture,0,3,0,0,0,2
66,Rosy,Kennaird,rkennaird1t@nytimes.com,Female,Foxrock,Ireland,43,Business Development,Nature,1,1,1,0,0,2
67,Gillan,MacNair,gmacnair1u@infoseek.co.jp,Female,Valleymount,Ireland,20,Legal,Beach,1,0,3,0,1,0
68,Olia,Sargison,osargison1v@blinklist.com,Female,Castleblayney,Ireland,49,Sales,Nature,1,1,1,0,1,1
69,Caritta,Tomaszewicz,ctomaszewicz1w@amazon.com,Female,Moycullen,Ireland,40,Support,Architecture,1,1,2,1,0,0
70,Manda,Giacubo,mgiacubo1x@hhs.gov,Female,Enniskerry,Ireland,45,Engineering,Beach,0,0,3,0,1,1
71,Ardeen,Restill,arestill1y@miibeian.gov.cn,Female,Lusk,Ireland,42,Accounting,Food,0,1,0,0,4,0
72,Glynnis,Grimble,ggrimble1z@ifeng.com,Female,Naas,Ireland,24,Support,Food,0,0,2,0,3,0
73,Percival,Scotchforth,pscotchforth20@prweb.com,Male,Dungloe,Ireland,24,Training,Architecture,1,2,0,2,0,0
74,Augy,Farncomb,afarncomb21@cmu.edu,Male,Castlepollard,Ireland,37,Research and Development,Architecture,1,2,0,0,1,1
75,Barthel,McNutt,bmcnutt22@blogs.com,Male,Foxrock,Ireland,54,Research and Development,Beach,0,0,5,0,0,0
76,Fidole,Cluett,fcluett23@bloglovin.com,Male,Oughterard,Ireland,50,Sales,Beach,0,0,3,0,1,1
77,Kirby,Matz,kmatz24@bbb.org,Female,Eadestown,Ireland,39,Training,Nature,1,1,0,1,0,2
78,Tadeo,Charlton,tcharlton25@msn.com,Male,Thomastown,Ireland,54,Training,Beach,1,1,2,1,0,0
79,Mirilla,Stroulger,mstroulger26@goodreads.com,Female,Bantry,Ireland,27,Training,Architecture,0,5,0,0,0,0
80,Arlyne,Follitt,afollitt27@google.com.hk,Female,Enniskerry,Ireland,25,Product Management,Nature,1,1,1,0,1,1
81,Baudoin,Hekkert,bhekkert28@gizmodo.com,Male,Kinlough,Ireland,32,Human Resources,Beach,1,1,2,0,1,0
82,Fletcher,Gianulli,fgianulli29@sfgate.com,Male,Adare,Ireland,19,Business Development,Nature,0,2,0,0,0,3
83,Lorene,Bottle,lbottle2a@dailymotion.com,Female,Castlerea,Ireland,40,Research and Development,Architecture,0,5,0,0,0,0
84,Anderea,Renfree,arenfree2b@slideshare.net,Female,Tuam,Ireland,42,Research and Development,Nature,1,1,1,0,1,1
85,Randolph,Shilliday,rshilliday2c@google.pl,Male,Milltown,Ireland,43,Marketing,Architecture,1,4,0,0,0,0
86,Livvyy,Cuerdall,lcuerdall2d@elpais.com,Female,Balally,Ireland,52,Human Resources,Architecture,0,4,0,0,0,1
87,Urbanus,Pendergrast,upendergrast2e@epa.gov,Male,Castlepollard,Ireland,29,Marketing,Food,0,0,0,0,5,0
88,Esme,Temby,etemby2f@phoca.cz,Female,Clifden,Ireland,42,Services,Architecture,0,3,0,2,0,0
89,Holmes,Loudiane,hloudiane2g@google.it,Male,Athy,Ireland,43,Services,Architecture,1,2,0,0,1,1
90,Sorcha,Gothrup,sgothrup2h@samsung.com,Female,Swords,Ireland,53,Accounting,Beach,1,1,2,0,1,0
91,Chas,Mullaney,cmullaney2i@mediafire.com,Male,Thomastown,Ireland,53,Research and Development,Beach,0,0,4,0,0,1
92,Mallissa,Symcox,msymcox2j@va.gov,Female,Moville,Ireland,27,Training,Nature,1,1,0,1,0,2
93,Errick,Dunthorne,edunthorne2k@zdnet.com,Male,Cork,Ireland,37,Human Resources,Beach,1,1,2,1,0,0
94,Kamillah,Gurys,kgurys2l@oakley.com,Female,Milltown,Ireland,41,Marketing,Architecture,0,5,0,0,0,0
95,Jerry,Tampin,jtampin2m@engadget.com,Male,Dundrum,Ireland,30,Engineering,Nature,1,1,1,0,1,1
96,Mahmoud,Davidsen,mdavidsen2n@nymag.com,Male,Ferbane,Ireland,32,Support,Beach,1,1,2,0,1,0
97,Hope,French,hfrench2o@buzzfeed.com,Female,Crumlin,Ireland,55,Support,Nature,1,1,0,1,0,2
98,Isiahi,Gothliff,igothliff2p@wordpress.org,Male,Valleymount,Ireland,48,Services,Nature,0,2,0,0,0,3
99,Rose,Shapter,rshapter2q@stumbleupon.com,Female,Shankill,Ireland,39,Services,Architecture,0,5,0,0,0,0
100,Mozelle,Gatrell,mgatrell2r@mapy.cz,Female,Dromiskin,Ireland,26,Engineering,Beach,1,0,2,0,1,1
