,id,first_name,last_name,email,gender,City,Country,Age,Profession,Adventure,Architecture,Beach,Clothing,Food,Nature,MainCategory
0,10,Caldwell,Fewlass,cfewlass9@ehow.com,1,43,0,30,1,1,1,2,0,3,2,4
1,11,Drusy,Lanaway,dlanawaya@narod.ru,0,38,0,23,0,3,3,0,1,1,2,1
2,12,Trish,Purveys,tpurveysb@theguardian.com,0,79,0,34,11,3,2,0,0,2,3,5
3,13,Gardie,Bridges,gbridgesc@deliciousdays.com,1,44,1,32,9,3,5,0,0,0,2,1
4,14,Hobard,Budd,hbuddd@hatena.ne.jp,1,161,0,18,9,3,3,0,1,1,2,1
5,15,Janina,Bratty,jbrattye@ucla.edu,0,123,1,36,3,2,2,1,1,2,2,5
6,16,Danyette,Lesley,dlesleyf@earthlink.net,0,46,0,40,9,0,3,1,2,1,3,1
7,17,Sibilla,Lauritzen,slauritzeng@netscape.com,0,41,0,37,2,1,5,0,3,1,0,1
8,18,Webster,Arnley,warnleyh@istockphoto.com,1,111,1,23,7,2,3,3,0,2,0,2
9,19,Benita,Lante,blantei@yale.edu,0,96,1,37,3,3,3,0,2,1,1,0
10,20,Willie,Westley,wwestleyj@yellowpages.com,1,124,1,39,8,3,5,0,0,2,0,1
11,21,Eugene,Lafay,elafayk@google.cn,1,79,0,39,9,1,3,1,1,0,4,5
12,22,Desi,Kenforth,dkenforthl@woothemes.com,1,53,0,24,7,1,4,1,0,3,1,1
13,23,Duffie,Ferreli,dferrelim@weather.com,1,73,0,20,11,2,2,0,4,0,2,3
14,24,Beatrice,Mannock,bmannockn@wired.com,0,154,0,37,2,3,3,1,0,0,3,1
15,25,Marchelle,Hastings,mhastingso@sun.com,0,155,0,38,1,2,5,2,1,0,0,1
16,26,Joycelin,Riddington,jriddingtonp@fotki.com,0,122,0,32,3,2,4,1,1,0,2,1
17,27,Benedetto,Faustin,bfaustinq@ebay.co.uk,1,29,1,34,2,2,1,2,1,0,4,5
18,28,Harp,Simonato,hsimonator@geocities.com,1,7,0,34,1,2,5,1,1,0,1,1
19,29,Jorrie,Vedenyakin,jvedenyakins@prweb.com,0,157,1,30,11,3,3,0,0,2,2,1
20,30,Cynthy,Houtby,choutbyt@blogs.com,0,37,0,37,9,3,1,1,0,1,4,5
21,31,Patrizia,Balding,pbaldingu@w3.org,0,94,1,31,0,1,5,0,3,1,0,1
22,32,Dougie,Bothen,dbothenv@noaa.gov,1,19,0,40,3,1,2,1,3,0,3,3
23,33,My,Sandyfirth,msandyfirthw@opera.com,1,83,1,28,2,1,3,0,4,0,2,3
24,34,Correna,Blase,cblasex@fema.gov,0,90,0,40,4,1,3,1,1,2,2,1
25,35,Neville,Greasty,ngreastyy@tuttocitta.it,1,7,0,21,5,3,2,0,1,2,2,0
26,36,Dallis,Janout,djanoutz@amazon.de,1,166,1,20,5,3,3,1,1,1,1,1
27,37,Brant,Attenbarrow,battenbarrow10@prweb.com,1,44,1,18,7,4,1,0,0,1,4,5
28,38,Catharina,Ricciardiello,cricciardiello11@mayoclinic.com,0,6,0,38,4,2,5,0,2,0,1,1
29,39,Silvanus,Schruyer,sschruyer12@instagram.com,1,55,0,37,2,0,5,0,2,2,1,1
30,40,Annaliese,Ransome,aransome13@joomla.org,0,118,0,22,4,1,6,2,1,0,0,1
31,41,Oates,O'Donnelly,oodonnelly14@wikimedia.org,1,3,0,26,11,2,5,0,0,0,3,1
32,42,Cord,Lambol,clambol15@youku.com,1,123,1,22,3,5,1,1,1,1,1,0
33,43,Deva,Sleet,dsleet16@stumbleupon.com,0,155,0,35,1,1,1,0,1,3,4,5
34,44,York,Sammon,ysammon17@hubpages.com,1,146,1,31,9,2,4,0,1,1,2,1
35,45,Neill,Ovesen,novesen18@scientificamerican.com,1,98,1,32,11,1,1,0,4,1,3,3
36,46,Fritz,Zannutti,fzannutti19@addtoany.com,1,44,1,25,11,4,1,0,1,1,3,0
37,47,Donni,Porrett,dporrett1a@chronoengine.com,0,15,0,23,9,1,4,0,0,3,2,1
38,48,Eddy,Okell,eokell1b@qq.com,1,146,0,24,8,1,3,1,0,1,4,5
39,49,Yancy,Ephgrave,yephgrave1c@who.int,1,147,1,39,3,4,4,1,0,0,1,1
40,50,Cammy,Alway,calway1d@wordpress.com,1,124,1,26,4,1,4,0,1,2,2,1
41,51,Raynell,Sinclair,rsinclair1e@list-manage.com,0,85,0,36,3,3,2,1,2,1,1,0
42,52,Blake,Franckton,bfranckton1f@goo.ne.jp,0,54,0,37,3,0,3,0,0,2,5,5
43,53,Ravi,Dearnley,rdearnley1g@livejournal.com,1,103,0,24,1,5,2,0,1,2,0,0
44,54,Ira,Disbrow,idisbrow1h@wordpress.org,0,40,0,35,7,2,3,1,1,2,1,1
45,55,Alta,Earwicker,aearwicker1i@sun.com,0,85,0,37,2,1,4,0,3,0,2,1
46,56,Elnar,Tapsell,etapsell1j@shareasale.com,1,66,0,37,2,1,2,0,2,0,5,5
47,57,Allys,O'Gorman,aogorman1k@newsvine.com,0,114,0,20,6,1,1,0,2,1,5,5
48,58,Sena,Kopelman,skopelman1l@storify.com,0,159,0,26,3,2,1,0,0,1,6,5
49,59,Georgianne,Cunliffe,gcunliffe1m@house.gov,0,138,0,29,8,3,5,0,1,0,1,1
50,60,Basia,Chaplin,bchaplin1n@statcounter.com,0,95,0,20,0,3,5,1,0,0,1,1
51,61,Moina,Arnopp,marnopp1o@themeforest.net,0,151,0,29,0,3,3,1,0,2,1,1
52,62,Corney,Tyne,ctyne1p@prlog.org,1,32,0,30,4,2,4,1,1,1,1,1
53,63,Augy,Spelsbury,aspelsbury1q@usa.gov,1,99,0,32,4,0,4,0,0,2,4,5
54,64,Quintin,Hardwick,qhardwick1r@cmu.edu,1,165,1,38,2,3,1,0,1,2,3,0
55,65,Dougy,Joscelin,djoscelin1s@printfriendly.com,1,66,0,29,0,3,0,4,0,1,2,2
56,66,Lanna,Pau,lpau1t@t-online.de,0,67,1,30,3,1,4,0,2,1,2,1
57,67,Caron,Leaver,cleaver1u@mapy.cz,0,155,0,25,6,5,0,1,2,1,1,0
58,68,Alyse,Jean,ajean1v@utexas.edu,0,143,0,35,1,3,2,1,2,1,1,0
59,69,Filberte,Anger,fanger1w@apache.org,1,102,0,28,9,2,2,0,0,2,4,5
60,70,Shermy,Bonnick,sbonnick1x@bandcamp.com,1,29,1,25,1,2,1,1,0,5,1,4
61,71,Selie,Robertucci,srobertucci1y@upenn.edu,0,20,0,30,11,5,1,0,1,1,2,0
62,72,Tristam,Domokos,tdomokos1z@narod.ru,1,157,1,30,3,1,6,1,0,0,2,1
63,73,Gareth,Ferraraccio,gferraraccio20@cnn.com,1,82,0,29,2,1,2,1,3,1,2,3
64,74,Bettye,Beet,bbeet21@comcast.net,0,98,1,25,3,1,4,0,0,1,4,5
65,75,Lilias,Cock,lcock22@51.la,0,36,0,25,0,3,4,1,0,0,2,1
66,76,Bathsheba,McPolin,bmcpolin23@edublogs.org,0,124,1,39,4,1,4,0,0,3,2,4
67,77,Grazia,Ferrai,gferrai24@techcrunch.com,0,110,0,26,4,4,1,0,2,1,2,0
68,78,Erny,Gandey,egandey25@narod.ru,1,12,0,31,7,2,2,1,0,2,3,5
69,79,Madelon,Hellewell,mhellewell26@cafepress.com,0,148,0,40,11,1,4,1,2,1,1,1
70,80,Jay,Deacock,jdeacock27@reference.com,1,139,0,18,5,3,4,0,1,0,2,1
71,81,Reilly,Graddell,rgraddell28@msn.com,1,136,0,22,9,4,3,1,0,1,1,0
72,82,Rowan,Boatwright,rboatwright29@tamu.edu,1,1,0,35,6,2,2,1,1,1,3,5
73,83,Aprilette,Mixture,amixture2a@wired.com,0,146,1,22,5,2,1,0,2,2,3,5
74,84,Dukey,Bedow,dbedow2b@ox.ac.uk,1,98,1,39,9,3,3,0,3,0,1,3
75,85,Cecilio,Evamy,cevamy2c@sina.com.cn,1,28,1,27,6,1,6,1,0,1,1,1
76,86,Sophie,Alps,salps2d@networkadvertising.org,0,35,0,22,9,3,4,1,0,1,1,1
77,87,Becka,Palethorpe,bpalethorpe2e@hexun.com,0,52,0,27,4,3,3,2,0,0,2,1
78,88,Janenna,Wile,jwile2f@gnu.org,0,50,0,37,2,1,4,0,1,0,4,5
79,89,Sammy,Blades,sblades2g@wsj.com,1,130,0,25,2,0,4,0,1,1,4,1
80,90,Carol-jean,Eddisforth,ceddisforth2h@digg.com,0,144,1,19,8,2,3,1,3,0,1,3
81,91,Spense,Gerbi,sgerbi2i@nhs.uk,1,120,0,26,2,2,3,1,1,1,2,1
82,92,Sebastien,Wilber,swilber2j@walmart.com,1,150,0,21,3,3,1,0,0,5,1,4
83,93,Micheline,Bhatia,mbhatia2k@dailymail.co.uk,0,2,0,19,4,1,5,0,0,0,4,1
84,94,Lindi,Paz,lpaz2l@tinypic.com,0,117,0,38,3,4,0,0,2,0,4,0
85,95,Neale,Morrott,nmorrott2m@sun.com,1,102,0,21,3,4,3,0,1,1,1,0
86,96,Lurlene,Dartnell,ldartnell2n@noaa.gov,0,79,0,33,10,1,2,2,0,1,4,5
87,97,Tabor,Ebbin,tebbin2o@google.com.au,1,163,1,40,3,2,2,0,4,1,1,3
88,98,Pall,Tzuker,ptzuker2p@sina.com.cn,1,69,0,28,11,0,5,0,1,0,4,1
89,99,Chiquita,Kinchley,ckinchley2q@ycombinator.com,0,8,0,21,1,2,3,0,1,1,3,5
90,100,Welbie,Burgum,wburgum2r@tinyurl.com,1,0,0,35,2,1,4,0,1,2,2,1
91,101,Cale,Ferrulli,cferrulli2s@amazon.de,1,158,1,27,1,2,4,1,1,0,2,1
92,102,Celine,Vernalls,cvernalls2t@shareasale.com,0,76,1,35,2,1,4,1,2,1,1,1
93,103,Clarke,Godilington,cgodilington2u@reddit.com,1,89,1,22,8,0,6,0,0,0,4,1
94,104,Kile,Gouny,kgouny2v@t-online.de,1,41,0,40,9,3,6,0,0,0,1,1
95,105,Lewie,Caselli,lcaselli2w@nasa.gov,1,158,1,27,0,3,2,0,2,1,2,0
96,106,Lotty,Boner,lboner2x@google.it,0,53,0,26,10,1,2,0,1,2,4,5
97,107,Ailene,Hulburd,ahulburd2y@google.com.au,0,24,1,24,6,0,6,1,0,1,2,1
98,108,Trueman,Yeeles,tyeeles2z@com.com,1,22,0,25,3,1,1,4,1,1,2,2
99,109,Josselyn,Halstead,jhalstead30@comcast.net,0,62,0,28,8,3,0,5,0,0,2,2
100,110,Delores,Picker,dpicker31@state.tx.us,0,90,0,34,6,2,2,1,2,2,1,0
101,111,Roderic,Gladstone,rgladstone32@globo.com,1,111,1,27,8,2,4,0,1,0,3,1
102,112,Skipp,Eul,seul33@nsw.gov.au,1,164,0,27,1,4,5,1,0,0,0,1
103,113,Cindy,Landsbury,clandsbury34@sbwire.com,0,108,1,37,9,3,3,1,0,0,3,0
104,114,Paolina,Fell,pfell35@telegraph.co.uk,0,153,0,31,2,2,4,0,2,1,1,1
105,115,Barry,Bonellie,bbonellie36@flickr.com,0,66,0,37,3,0,4,2,1,2,1,1
106,116,Lynnett,Palister,lpalister37@ehow.com,0,106,0,37,9,0,2,0,3,1,4,5
107,117,Cathee,Woodcroft,cwoodcroft38@vimeo.com,0,126,1,19,1,5,1,1,0,2,1,0
108,118,Shea,Goacher,sgoacher39@foxnews.com,0,69,0,30,8,4,1,1,1,2,1,0
109,119,Tracy,Unwin,tunwin3a@xinhuanet.com,1,119,0,24,4,4,0,0,2,2,2,0
110,120,Huntley,Rowthorn,hrowthorn3b@cam.ac.uk,1,138,0,31,3,2,5,0,2,0,1,1
111,121,Lelah,Markwick,lmarkwick3c@delicious.com,0,65,0,38,9,3,3,0,2,0,2,0
112,122,Cassandry,Taillard,ctaillard3d@youtube.com,0,140,0,34,2,2,3,0,1,2,2,1
113,123,Diane-marie,O'Connolly,doconnolly3e@seattletimes.com,0,46,0,39,0,0,1,4,1,2,2,2
114,124,Ulick,Willmetts,uwillmetts3f@nhs.uk,1,32,0,35,3,3,2,0,1,2,2,0
115,125,Erastus,Maxwell,emaxwell3g@hud.gov,1,80,0,31,7,4,3,1,1,0,1,0
116,126,Orelie,Cotte,ocotte3h@amazonaws.com,0,16,0,20,5,4,3,0,0,2,1,0
117,127,Lizette,Liddicoat,lliddicoat3i@live.com,0,121,1,18,6,2,4,0,0,1,3,1
118,128,Antonella,Eakeley,aeakeley3j@craigslist.org,0,26,0,34,4,2,4,2,1,0,1,1
119,129,Barrie,Whild,bwhild3k@dropbox.com,0,23,0,39,11,2,1,1,4,2,0,3
120,130,Mercy,Daily,mdaily3l@free.fr,0,79,0,29,0,0,6,1,1,1,1,1
121,131,Roana,Luter,rluter3m@bloglovin.com,0,133,0,38,11,0,3,0,1,2,4,5
122,132,Nathalia,Le-Good,nlegood3n@goodreads.com,0,70,0,33,10,2,3,0,2,0,3,1
123,133,Bevan,Karsh,bkarsh3o@vinaora.com,1,55,0,23,1,3,2,0,1,0,4,5
124,134,Tiphany,Blanchette,tblanchette3p@geocities.jp,0,58,0,23,1,4,1,0,1,1,3,0
125,135,Faustine,Sanham,fsanham3q@go.com,0,2,0,27,3,3,1,0,1,2,3,0
126,136,Alexei,Hawes,ahawes3r@latimes.com,1,97,1,31,0,2,2,0,1,2,3,5
127,137,Teodor,Stanman,tstanman3s@storify.com,1,44,1,39,10,1,6,0,1,1,1,1
128,138,Lilias,Gianiello,lgianiello3t@scientificamerican.com,0,33,0,37,1,1,5,0,1,3,0,1
129,139,Edy,Shepstone,eshepstone3u@1und1.de,0,37,0,26,4,2,6,0,2,0,0,1
130,140,Brandy,Scarth,bscarth3v@rambler.ru,1,46,0,22,6,2,6,0,1,0,1,1
131,141,Orazio,Hightown,ohightown3w@com.com,1,161,0,27,1,1,5,1,1,0,2,1
132,142,Putnem,McRory,pmcrory3x@scribd.com,1,58,0,25,10,2,1,0,2,0,5,5
133,143,Ivan,Duddan,iduddan3y@fastcompany.com,1,109,0,33,3,2,3,1,0,1,3,5
134,144,Sharyl,Bottrill,sbottrill3z@yellowpages.com,0,136,0,35,2,3,2,2,0,1,2,0
135,145,Tarah,Copner,tcopner40@technorati.com,0,99,0,27,6,2,1,0,6,1,0,4
136,146,Lilian,Pond,lpond41@bbb.org,0,163,1,31,9,1,2,3,0,2,2,2
137,147,Robbi,Hanfrey,rhanfrey42@china.com.cn,0,124,1,34,11,3,3,1,3,0,0,0
138,148,Gleda,Warwicker,gwarwicker43@oakley.com,0,34,0,26,2,0,2,2,2,0,4,5
139,149,Ulrich,Faichnie,ufaichnie44@tiny.cc,1,86,0,38,2,1,2,2,0,2,3,5
140,150,Margalo,Vasilic,mvasilic45@youtu.be,0,13,0,38,8,3,3,0,0,0,4,0
141,151,Sarena,Elsip,selsip46@wikimedia.org,0,60,0,32,4,2,5,0,0,2,1,1
142,152,Karilynn,MacDougal,kmacdougal47@netscape.com,0,9,0,36,8,1,2,1,1,2,3,5
143,153,Ferdy,Chatelain,fchatelain48@geocities.jp,1,124,1,19,3,1,1,0,1,5,2,4
144,154,Kienan,McConigal,kmcconigal49@taobao.com,1,38,0,37,8,2,1,1,5,0,1,3
145,155,Juliet,Scampion,jscampion4a@de.vu,0,87,0,35,2,1,2,0,1,4,2,4
146,156,Jamie,Caw,jcaw4b@disqus.com,1,86,0,19,5,1,3,1,3,2,0,3
147,157,Timoteo,Moulson,tmoulson4c@networkadvertising.org,1,51,0,26,10,5,2,0,0,0,3,5
148,158,Maura,Cornbell,mcornbell4d@paypal.com,0,9,0,27,5,3,2,0,1,1,3,0
149,159,Adiana,Abdon,aabdon4e@opensource.org,0,97,1,20,6,1,5,0,2,1,1,1
150,160,Melody,Tiron,mtiron4f@oracle.com,0,114,0,40,9,1,4,0,1,2,2,1
