id,first_name,last_name,email,gender,City,Country,Age,Profession
1,Davina,Yole,dyole0@mysql.com,Female,Kingston,United Kingdom,19,Accounting
2,Ethan,Gebhard,egebhard1@posterous.com,Male,Preston,United Kingdom,26,Sales
3,Jacquelin,Leavy,jleavy2@nasa.gov,Female,Donegal,Ireland,23,Human Resources
4,Mick,McGiven,mmcgiven3@accuweather.com,Male,Eadestown,Ireland,33,Training
5,Dahlia,Stonehouse,dstonehouse4@oakley.com,Female,Newport,United Kingdom,25,Engineering
6,Cirillo,Barnewell,cbarnewell5@dell.com,Male,Ballyjamesduff,Ireland,33,Product Management
7,Bethina,MacHarg,bmacharg6@google.com,Female,Cill Airne,Ireland,39,Human Resources
8,Jerry,Haizelden,jhaizelden7@github.io,Female,Ballinroad,Ireland,27,Training
9,Cherie,Kesey,ckesey8@bbc.co.uk,Female,Confey,Ireland,27,Product Management
10,Caldwell,Fewlass,cfewlass9@ehow.com,Male,Cherryville,Ireland,30,Business Development
11,Drusy,Lanaway,dlanawaya@narod.ru,Female,Castlemartyr,Ireland,23,Accounting
12,Trish,Purveys,tpurveysb@theguardian.com,Female,Granard,Ireland,34,Training
13,Gardie,Bridges,gbridgesc@deliciousdays.com,Male,Church End,United Kingdom,32,Services
14,Hobard,Budd,hbuddd@hatena.ne.jp,Male,Watergrasshill,Ireland,18,Services
15,Janina,Bratty,jbrattye@ucla.edu,Female,Newton,United Kingdom,36,Human Resources
16,Danyette,Lesley,dlesleyf@earthlink.net,Female,Clondalkin,Ireland,40,Services
17,Sibilla,Lauritzen,slauritzeng@netscape.com,Female,Charlesland,Ireland,37,Engineering
18,Webster,Arnley,warnleyh@istockphoto.com,Male,Milton,United Kingdom,23,Research and Development
19,Benita,Lante,blantei@yale.edu,Female,Linton,United Kingdom,37,Human Resources
20,Willie,Westley,wwestleyj@yellowpages.com,Male,Newtown,United Kingdom,39,Sales
21,Eugene,Lafay,elafayk@google.cn,Male,Granard,Ireland,39,Services
22,Desi,Kenforth,dkenforthl@woothemes.com,Male,Crumlin,Ireland,24,Research and Development
23,Duffie,Ferreli,dferrelim@weather.com,Male,Fermoy,Ireland,20,Training
24,Beatrice,Mannock,bmannockn@wired.com,Female,Trá Mhór,Ireland,37,Engineering
25,Marchelle,Hastings,mhastingso@sun.com,Female,Tuam,Ireland,38,Business Development
26,Joycelin,Riddington,jriddingtonp@fotki.com,Female,Newmarket on Fergus,Ireland,32,Human Resources
27,Benedetto,Faustin,bfaustinq@ebay.co.uk,Male,Bristol,United Kingdom,34,Engineering
28,Harp,Simonato,hsimonator@geocities.com,Male,Athy,Ireland,34,Business Development
29,Jorrie,Vedenyakin,jvedenyakins@prweb.com,Female,Twyford,United Kingdom,30,Training
30,Cynthy,Houtby,choutbyt@blogs.com,Female,Castleknock,Ireland,37,Services
31,Patrizia,Balding,pbaldingu@w3.org,Female,Leeds,United Kingdom,31,Accounting
32,Dougie,Bothen,dbothenv@noaa.gov,Male,Ballymun,Ireland,40,Human Resources
33,My,Sandyfirth,msandyfirthw@opera.com,Male,Halton,United Kingdom,28,Engineering
34,Correna,Blase,cblasex@fema.gov,Female,Kinlough,Ireland,40,Legal
35,Neville,Greasty,ngreastyy@tuttocitta.it,Male,Athy,Ireland,21,Marketing
36,Dallis,Janout,djanoutz@amazon.de,Male,Wootton,United Kingdom,20,Marketing
37,Brant,Attenbarrow,battenbarrow10@prweb.com,Male,Church End,United Kingdom,18,Research and Development
38,Catharina,Ricciardiello,cricciardiello11@mayoclinic.com,Female,Athlone,Ireland,38,Legal
39,Silvanus,Schruyer,sschruyer12@instagram.com,Male,Dalkey,Ireland,37,Engineering
40,Annaliese,Ransome,aransome13@joomla.org,Female,Naas,Ireland,22,Legal
41,Oates,O'Donnelly,oodonnelly14@wikimedia.org,Male,Ashbourne,Ireland,26,Training
42,Cord,Lambol,clambol15@youku.com,Male,Newton,United Kingdom,22,Human Resources
43,Deva,Sleet,dsleet16@stumbleupon.com,Female,Tuam,Ireland,35,Business Development
44,York,Sammon,ysammon17@hubpages.com,Male,Sutton,United Kingdom,31,Services
45,Neill,Ovesen,novesen18@scientificamerican.com,Male,London,United Kingdom,32,Training
46,Fritz,Zannutti,fzannutti19@addtoany.com,Male,Church End,United Kingdom,25,Training
47,Donni,Porrett,dporrett1a@chronoengine.com,Female,Ballybofey,Ireland,23,Services
48,Eddy,Okell,eokell1b@qq.com,Male,Sutton,Ireland,24,Sales
49,Yancy,Ephgrave,yephgrave1c@who.int,Male,Swindon,United Kingdom,39,Human Resources
50,Cammy,Alway,calway1d@wordpress.com,Male,Newtown,United Kingdom,26,Legal
51,Raynell,Sinclair,rsinclair1e@list-manage.com,Female,Kildare,Ireland,36,Human Resources
52,Blake,Franckton,bfranckton1f@goo.ne.jp,Female,Daingean,Ireland,37,Human Resources
53,Ravi,Dearnley,rdearnley1g@livejournal.com,Male,Malahide,Ireland,24,Business Development
54,Ira,Disbrow,idisbrow1h@wordpress.org,Female,Cavan,Ireland,35,Research and Development
55,Alta,Earwicker,aearwicker1i@sun.com,Female,Kildare,Ireland,37,Engineering
56,Elnar,Tapsell,etapsell1j@shareasale.com,Male,Eadestown,Ireland,37,Engineering
57,Allys,O'Gorman,aogorman1k@newsvine.com,Female,Monasterevin,Ireland,20,Product Management
58,Sena,Kopelman,skopelman1l@storify.com,Female,Valleymount,Ireland,26,Human Resources
59,Georgianne,Cunliffe,gcunliffe1m@house.gov,Female,Rathwire,Ireland,29,Sales
60,Basia,Chaplin,bchaplin1n@statcounter.com,Female,Leixlip,Ireland,20,Accounting
61,Moina,Arnopp,marnopp1o@themeforest.net,Female,Thomastown,Ireland,29,Accounting
62,Corney,Tyne,ctyne1p@prlog.org,Male,Cabinteely,Ireland,30,Legal
63,Augy,Spelsbury,aspelsbury1q@usa.gov,Male,Longford,Ireland,32,Legal
64,Quintin,Hardwick,qhardwick1r@cmu.edu,Male,Whitwell,United Kingdom,38,Engineering
65,Dougy,Joscelin,djoscelin1s@printfriendly.com,Male,Eadestown,Ireland,29,Accounting
66,Lanna,Pau,lpau1t@t-online.de,Female,East End,United Kingdom,30,Human Resources
67,Caron,Leaver,cleaver1u@mapy.cz,Female,Tuam,Ireland,25,Product Management
68,Alyse,Jean,ajean1v@utexas.edu,Female,Shankill,Ireland,35,Business Development
69,Filberte,Anger,fanger1w@apache.org,Male,Lucan,Ireland,28,Services
70,Shermy,Bonnick,sbonnick1x@bandcamp.com,Male,Bristol,United Kingdom,25,Business Development
71,Selie,Robertucci,srobertucci1y@upenn.edu,Female,Bantry,Ireland,30,Training
72,Tristam,Domokos,tdomokos1z@narod.ru,Male,Twyford,United Kingdom,30,Human Resources
73,Gareth,Ferraraccio,gferraraccio20@cnn.com,Male,Gweedore,Ireland,29,Engineering
74,Bettye,Beet,bbeet21@comcast.net,Female,London,United Kingdom,25,Human Resources
75,Lilias,Cock,lcock22@51.la,Female,Castlebridge,Ireland,25,Accounting
76,Bathsheba,McPolin,bmcpolin23@edublogs.org,Female,Newtown,United Kingdom,39,Legal
77,Grazia,Ferrai,gferrai24@techcrunch.com,Female,Milltown,Ireland,26,Legal
78,Erny,Gandey,egandey25@narod.ru,Male,Ballinteer,Ireland,31,Research and Development
79,Madelon,Hellewell,mhellewell26@cafepress.com,Female,Swinford,Ireland,40,Training
80,Jay,Deacock,jdeacock27@reference.com,Male,Ratoath,Ireland,18,Marketing
81,Reilly,Graddell,rgraddell28@msn.com,Male,Rathdrum,Ireland,22,Services
82,Rowan,Boatwright,rboatwright29@tamu.edu,Male,Annacotty,Ireland,35,Product Management
83,Aprilette,Mixture,amixture2a@wired.com,Female,Sutton,United Kingdom,22,Marketing
84,Dukey,Bedow,dbedow2b@ox.ac.uk,Male,London,United Kingdom,39,Services
85,Cecilio,Evamy,cevamy2c@sina.com.cn,Male,Brampton,United Kingdom,27,Product Management
86,Sophie,Alps,salps2d@networkadvertising.org,Female,Castleblayney,Ireland,22,Services
87,Becka,Palethorpe,bpalethorpe2e@hexun.com,Female,Crossmolina,Ireland,27,Legal
88,Janenna,Wile,jwile2f@gnu.org,Female,Coolock,Ireland,37,Engineering
89,Sammy,Blades,sblades2g@wsj.com,Male,Portumna,Ireland,25,Engineering
90,Carol-jean,Eddisforth,ceddisforth2h@digg.com,Female,Sheffield,United Kingdom,19,Sales
91,Spense,Gerbi,sgerbi2i@nhs.uk,Male,Nenagh,Ireland,26,Engineering
92,Sebastien,Wilber,swilber2j@walmart.com,Male,Tallaght,Ireland,21,Human Resources
93,Micheline,Bhatia,mbhatia2k@dailymail.co.uk,Female,Ardee,Ireland,19,Legal
94,Lindi,Paz,lpaz2l@tinypic.com,Female,Mullagh,Ireland,38,Human Resources
95,Neale,Morrott,nmorrott2m@sun.com,Male,Lucan,Ireland,21,Human Resources
96,Lurlene,Dartnell,ldartnell2n@noaa.gov,Female,Granard,Ireland,33,Support
97,Tabor,Ebbin,tebbin2o@google.com.au,Male,Whitchurch,United Kingdom,40,Human Resources
98,Pall,Tzuker,ptzuker2p@sina.com.cn,Male,Enniskerry,Ireland,28,Training
99,Chiquita,Kinchley,ckinchley2q@ycombinator.com,Female,Aughrim,Ireland,21,Business Development
100,Welbie,Burgum,wburgum2r@tinyurl.com,Male,Aghada,Ireland,35,Engineering
101,Cale,Ferrulli,cferrulli2s@amazon.de,Male,Upton,United Kingdom,27,Business Development
102,Celine,Vernalls,cvernalls2t@shareasale.com,Female,Glasgow,United Kingdom,35,Engineering
103,Clarke,Godilington,cgodilington2u@reddit.com,Male,Kingston,United Kingdom,22,Sales
104,Kile,Gouny,kgouny2v@t-online.de,Male,Charlesland,Ireland,40,Services
105,Lewie,Caselli,lcaselli2w@nasa.gov,Male,Upton,United Kingdom,27,Accounting
106,Lotty,Boner,lboner2x@google.it,Female,Crumlin,Ireland,26,Support
107,Ailene,Hulburd,ahulburd2y@google.com.au,Female,Belfast,United Kingdom,24,Product Management
108,Trueman,Yeeles,tyeeles2z@com.com,Male,Bearna,Ireland,25,Human Resources
109,Josselyn,Halstead,jhalstead30@comcast.net,Female,Dublin,Ireland,28,Sales
110,Delores,Picker,dpicker31@state.tx.us,Female,Kinlough,Ireland,34,Product Management
111,Roderic,Gladstone,rgladstone32@globo.com,Male,Milton,United Kingdom,27,Sales
112,Skipp,Eul,seul33@nsw.gov.au,Male,Whitegate,Ireland,27,Business Development
113,Cindy,Landsbury,clandsbury34@sbwire.com,Female,Merton,United Kingdom,37,Services
114,Paolina,Fell,pfell35@telegraph.co.uk,Female,Tralee,Ireland,31,Engineering
115,Barry,Bonellie,bbonellie36@flickr.com,Female,Eadestown,Ireland,37,Human Resources
116,Lynnett,Palister,lpalister37@ehow.com,Female,Manorhamilton,Ireland,37,Services
117,Cathee,Woodcroft,cwoodcroft38@vimeo.com,Female,Norton,United Kingdom,19,Business Development
118,Shea,Goacher,sgoacher39@foxnews.com,Female,Enniskerry,Ireland,30,Sales
119,Tracy,Unwin,tunwin3a@xinhuanet.com,Male,Navan,Ireland,24,Legal
120,Huntley,Rowthorn,hrowthorn3b@cam.ac.uk,Male,Rathwire,Ireland,31,Human Resources
121,Lelah,Markwick,lmarkwick3c@delicious.com,Female,Dunmanway,Ireland,38,Services
122,Cassandry,Taillard,ctaillard3d@youtube.com,Female,Sallins,Ireland,34,Engineering
123,Diane-marie,O'Connolly,doconnolly3e@seattletimes.com,Female,Clondalkin,Ireland,39,Accounting
124,Ulick,Willmetts,uwillmetts3f@nhs.uk,Male,Cabinteely,Ireland,35,Human Resources
125,Erastus,Maxwell,emaxwell3g@hud.gov,Male,Greenhills,Ireland,31,Research and Development
126,Orelie,Cotte,ocotte3h@amazonaws.com,Female,Ballyhaunis,Ireland,20,Marketing
127,Lizette,Liddicoat,lliddicoat3i@live.com,Female,Newbiggin,United Kingdom,18,Product Management
128,Antonella,Eakeley,aeakeley3j@craigslist.org,Female,Birr,Ireland,34,Legal
129,Barrie,Whild,bwhild3k@dropbox.com,Female,Beaumont,Ireland,39,Training
130,Mercy,Daily,mdaily3l@free.fr,Female,Granard,Ireland,29,Accounting
131,Roana,Luter,rluter3m@bloglovin.com,Female,Raheny,Ireland,38,Training
132,Nathalia,Le-Good,nlegood3n@goodreads.com,Female,Fairview,Ireland,33,Support
133,Bevan,Karsh,bkarsh3o@vinaora.com,Male,Dalkey,Ireland,23,Business Development
134,Tiphany,Blanchette,tblanchette3p@geocities.jp,Female,Donabate,Ireland,23,Business Development
135,Faustine,Sanham,fsanham3q@go.com,Female,Ardee,Ireland,27,Human Resources
136,Alexei,Hawes,ahawes3r@latimes.com,Male,Liverpool,United Kingdom,31,Accounting
137,Teodor,Stanman,tstanman3s@storify.com,Male,Church End,United Kingdom,39,Support
138,Lilias,Gianiello,lgianiello3t@scientificamerican.com,Female,Carrigaline,Ireland,37,Business Development
139,Edy,Shepstone,eshepstone3u@1und1.de,Female,Castleknock,Ireland,26,Legal
140,Brandy,Scarth,bscarth3v@rambler.ru,Male,Clondalkin,Ireland,22,Product Management
141,Orazio,Hightown,ohightown3w@com.com,Male,Watergrasshill,Ireland,27,Business Development
142,Putnem,McRory,pmcrory3x@scribd.com,Male,Donabate,Ireland,25,Support
143,Ivan,Duddan,iduddan3y@fastcompany.com,Male,Midleton,Ireland,33,Human Resources
144,Sharyl,Bottrill,sbottrill3z@yellowpages.com,Female,Rathdrum,Ireland,35,Engineering
145,Tarah,Copner,tcopner40@technorati.com,Female,Longford,Ireland,27,Product Management
146,Lilian,Pond,lpond41@bbb.org,Female,Whitchurch,United Kingdom,31,Services
147,Robbi,Hanfrey,rhanfrey42@china.com.cn,Female,Newtown,United Kingdom,34,Training
148,Gleda,Warwicker,gwarwicker43@oakley.com,Female,Carrigtwohill,Ireland,26,Engineering
149,Ulrich,Faichnie,ufaichnie44@tiny.cc,Male,Kill,Ireland,38,Engineering
150,Margalo,Vasilic,mvasilic45@youtu.be,Female,Ballisodare,Ireland,38,Sales
151,Sarena,Elsip,selsip46@wikimedia.org,Female,Donnycarney,Ireland,32,Legal
152,Karilynn,MacDougal,kmacdougal47@netscape.com,Female,Balally,Ireland,36,Sales
153,Ferdy,Chatelain,fchatelain48@geocities.jp,Male,Newtown,United Kingdom,19,Human Resources
154,Kienan,McConigal,kmcconigal49@taobao.com,Male,Castlemartyr,Ireland,37,Sales
155,Juliet,Scampion,jscampion4a@de.vu,Female,Kilmacanoge,Ireland,35,Engineering
156,Jamie,Caw,jcaw4b@disqus.com,Male,Kill,Ireland,19,Marketing
157,Timoteo,Moulson,tmoulson4c@networkadvertising.org,Male,Cork,Ireland,26,Support
158,Maura,Cornbell,mcornbell4d@paypal.com,Female,Balally,Ireland,27,Marketing
159,Adiana,Abdon,aabdon4e@opensource.org,Female,Liverpool,United Kingdom,20,Product Management
160,Melody,Tiron,mtiron4f@oracle.com,Female,Monasterevin,Ireland,40,Services
161,Agna,Barfitt,abarfitt4g@cnn.com,Female,Coolock,Ireland,40,Training
162,Daniela,Krauss,dkrauss4h@newyorker.com,Female,Dean,United Kingdom,36,Human Resources
163,Mose,Gillbe,mgillbe4i@techcrunch.com,Male,Longwood,Ireland,39,Business Development
164,Sigismund,Shailer,sshailer4j@odnoklassniki.ru,Male,Thomastown,Ireland,24,Engineering
165,Elene,MacKniely,emackniely4k@digg.com,Female,Norton,United Kingdom,22,Support
166,Keen,Mallall,kmallall4l@nsw.gov.au,Male,Shankill,Ireland,25,Training
167,Nataline,Lathey,nlathey4m@pen.io,Female,Walton,United Kingdom,39,Product Management
168,Dian,Taggett,dtaggett4n@mapquest.com,Female,Old Kilcullen,Ireland,22,Engineering
169,Mikkel,Helversen,mhelversen4o@yelp.com,Male,Ford,United Kingdom,32,Sales
170,Hailey,Fleeman,hfleeman4p@marriott.com,Male,Ballybofey,Ireland,34,Human Resources
171,Rourke,Verity,rverity4q@google.de,Male,Norton,United Kingdom,39,Sales
172,Les,Vogeller,lvogeller4r@independent.co.uk,Male,Normanton,United Kingdom,28,Accounting
173,Tirrell,Marling,tmarling4s@chron.com,Male,Glasnevin,Ireland,22,Human Resources
174,Jessica,Postin,jpostin4t@diigo.com,Female,Whitchurch,United Kingdom,27,Support
175,Odo,Joll,ojoll4u@networkadvertising.org,Male,Dundrum,Ireland,34,Marketing
176,Evy,Nestle,enestle4v@amazon.co.jp,Female,Raphoe,Ireland,40,Business Development
177,Calypso,Plaskitt,cplaskitt4w@clickbank.net,Female,Cobh,Ireland,18,Sales
178,Denver,d'Arcy,ddarcy4x@imgur.com,Male,Donabate,Ireland,26,Support
179,Wilmar,Tarbet,wtarbet4y@delicious.com,Male,Dean,United Kingdom,33,Research and Development
180,Gilberta,Drogan,gdrogan4z@discuz.net,Female,Norton,United Kingdom,34,Engineering
181,George,Myring,gmyring50@networkadvertising.org,Female,Kilcullen,Ireland,26,Engineering
182,Georgianna,Hovy,ghovy51@issuu.com,Female,Farranacoush,Ireland,26,Services
183,Jerrold,Cheverton,jcheverton52@example.com,Male,Granard,Ireland,23,Research and Development
184,Xena,Satchell,xsatchell53@narod.ru,Female,Monkstown,Ireland,29,Product Management
185,Bettine,Dickman,bdickman54@reverbnation.com,Female,Monaghan,Ireland,36,Support
186,Nerte,Hambleton,nhambleton55@flavors.me,Female,Ballylinan,Ireland,18,Training
187,Archibold,Antoons,aantoons56@slate.com,Male,Thomastown,Ireland,32,Marketing
188,Giuditta,Camili,gcamili57@foxnews.com,Female,Langley,United Kingdom,20,Human Resources
189,Lion,Catherine,lcatherine58@cornell.edu,Male,London,United Kingdom,31,Product Management
190,Tamar,Taynton,ttaynton59@bluehost.com,Female,Moycullen,Ireland,30,Services
191,Ganny,Chainey,gchainey5a@salon.com,Male,Bayside,Ireland,22,Engineering
192,Ashby,Vedstra,avedstra5b@shop-pro.jp,Male,Kiltamagh,Ireland,20,Support
193,Sarina,Eckels,seckels5c@upenn.edu,Female,Naas,Ireland,38,Marketing
194,Letti,Trevon,ltrevon5d@devhub.com,Female,Monaghan,Ireland,33,Research and Development
195,Willard,Brill,wbrill5e@nytimes.com,Male,Stapleford,United Kingdom,30,Legal
196,Silvanus,Dafforne,sdafforne5f@psu.edu,Male,Castlepollard,Ireland,26,Human Resources
197,Kira,Lorraine,klorraine5g@elegantthemes.com,Female,Preston,United Kingdom,18,Sales
198,Dyanna,Castelli,dcastelli5h@freewebs.com,Female,Donabate,Ireland,36,Product Management
199,Benito,Clail,bclail5i@uol.com.br,Male,Charlesland,Ireland,18,Business Development
200,Mal,Mulqueen,mmulqueen5j@rakuten.co.jp,Male,Aghada,Ireland,28,Human Resources
201,Rafi,Haps,rhaps5k@pinterest.com,Male,Milton,United Kingdom,33,Services
202,Madonna,Andrey,mandrey5l@last.fm,Female,Dunmanway,Ireland,21,Engineering
203,Ag,Seamans,aseamans5m@va.gov,Female,Gweedore,Ireland,35,Services
204,Lanna,McKissack,lmckissack5n@jiathis.com,Female,Denton,United Kingdom,40,Services
205,Roger,Dablin,rdablin5o@yellowbook.com,Male,Twyford,United Kingdom,31,Human Resources
206,Marnia,Bryer,mbryer5p@webs.com,Female,Ballina,Ireland,19,Human Resources
207,Jules,Janik,jjanik5q@netlog.com,Male,Longwood,Ireland,22,Product Management
208,Mamie,Reedman,mreedman5r@wp.com,Female,Castleblayney,Ireland,39,Services
209,Stevana,Fippe,sfippe5s@usa.gov,Female,Weston,United Kingdom,21,Business Development
210,Harley,Hardie,hhardie5t@google.co.jp,Male,Athlone,Ireland,32,Marketing
211,Beltran,Smaling,bsmaling5u@lycos.com,Male,Manorhamilton,Ireland,31,Training
212,Carree,Ritchie,critchie5v@nps.gov,Female,Weston,United Kingdom,20,Training
213,Griffie,Stennine,gstennine5w@imdb.com,Male,Bantry,Ireland,18,Business Development
214,Ginevra,Gocke,ggocke5x@nytimes.com,Female,Castleblayney,Ireland,22,Legal
215,Farr,Roback,froback5y@shareasale.com,Male,Tallaght,Ireland,21,Training
216,Hedi,Carstairs,hcarstairs5z@bloglines.com,Female,Rathangan,Ireland,30,Services
217,Brooks,Lochrie,blochrie60@paypal.com,Male,Pentre,United Kingdom,36,Training
218,Natalee,Finders,nfinders61@wix.com,Female,Donegal,Ireland,33,Business Development
219,Barbette,Ahrend,bahrend62@blinklist.com,Female,Ferbane,Ireland,32,Business Development
220,Eleonore,Hackinge,ehackinge63@yahoo.com,Female,Youghal,Ireland,35,Engineering
221,Sioux,Tschirschky,stschirschky64@smh.com.au,Female,Charlton,United Kingdom,20,Engineering
222,Rog,Boick,rboick65@engadget.com,Male,Piltown,Ireland,21,Accounting
223,Marget,Bruckmann,mbruckmann66@theguardian.com,Female,Brampton,United Kingdom,32,Training
224,Theodora,Sandry,tsandry67@surveymonkey.com,Female,Foxrock,Ireland,38,Marketing
225,Nadean,Ockwell,nockwell68@intel.com,Female,Glasnevin,Ireland,22,Human Resources
226,Marguerite,Gunning,mgunning69@ox.ac.uk,Female,Sandyford,Ireland,30,Services
227,Bernarr,Ditchburn,bditchburn6a@wordpress.org,Male,Bayside,Ireland,25,Training
228,Joelle,Dillistone,jdillistone6b@wikimedia.org,Female,Manchester,United Kingdom,40,Research and Development
229,Rick,Wheaton,rwheaton6c@mtv.com,Male,Rathnew,Ireland,26,Research and Development
230,Chelsy,Pedler,cpedler6d@blinklist.com,Female,Athlone,Ireland,21,Services
231,Roma,Dysert,rdysert6e@woothemes.com,Male,Newbiggin,United Kingdom,25,Accounting
232,Terese,Halburton,thalburton6f@eepurl.com,Female,Seaton,United Kingdom,22,Business Development
233,Mayor,Borris,mborris6g@gravatar.com,Male,Dunlewy,Ireland,18,Research and Development
234,Elisabetta,Husk,ehusk6h@weather.com,Female,Linton,United Kingdom,35,Human Resources
235,Artair,Sigert,asigert6i@narod.ru,Male,Greystones,Ireland,32,Sales
236,Odilia,Ech,oech6j@php.net,Female,London,United Kingdom,40,Business Development
237,Bryna,Sturgeon,bsturgeon6k@wix.com,Female,Kiltamagh,Ireland,31,Training
238,Serene,Beatens,sbeatens6l@howstuffworks.com,Female,Ballinroad,Ireland,32,Training
239,Lionel,Stockney,lstockney6m@naver.com,Male,Swords,Ireland,19,Accounting
240,Mitzi,Antrag,mantrag6n@berkeley.edu,Female,Longwood,Ireland,33,Sales
241,Dudley,Benedit,dbenedit6o@ask.com,Male,Church End,United Kingdom,27,Services
242,Norina,Faull,nfaull6p@bigcartel.com,Female,Moate,Ireland,29,Business Development
243,Alphonso,Baltrushaitis,abaltrushaitis6q@desdev.cn,Male,Dromiskin,Ireland,39,Support
244,Iggie,Chedgey,ichedgey6r@google.nl,Male,Kingston,United Kingdom,27,Product Management
245,Halimeda,Edgeson,hedgeson6s@simplemachines.org,Female,Merton,United Kingdom,28,Marketing
246,Ella,Cosby,ecosby6t@oracle.com,Female,Youghal,Ireland,38,Marketing
247,Jabez,Orvis,jorvis6u@so-net.ne.jp,Male,Ashley,United Kingdom,39,Sales
248,Siana,Estick,sestick6v@networkadvertising.org,Female,Eadestown,Ireland,33,Accounting
249,Risa,Hitter,rhitter6w@ibm.com,Female,Ballyjamesduff,Ireland,33,Research and Development
250,Davy,Ditts,dditts6x@tinyurl.com,Male,Sheffield,United Kingdom,34,Product Management
251,Mala,Tern,mtern6y@noaa.gov,Female,Sutton,Ireland,20,Legal
252,Nance,Bayles,nbayles6z@last.fm,Female,Kingston,United Kingdom,33,Legal
253,Marquita,Roust,mroust70@cyberchimps.com,Female,Whitwell,United Kingdom,34,Legal
254,Fabian,McAllan,fmcallan71@illinois.edu,Male,Kill,Ireland,22,Research and Development
255,Candie,Lishman,clishman72@fotki.com,Female,Birmingham,United Kingdom,31,Accounting
256,Ike,Oxberry,ioxberry73@disqus.com,Male,Kinsealy-Drinan,Ireland,21,Training
257,Gal,Cash,gcash74@bing.com,Male,Mallow,Ireland,20,Research and Development
258,Dasie,Tran,dtran75@gizmodo.com,Female,Buckland,United Kingdom,33,Research and Development
259,Federica,Kordovani,fkordovani76@google.co.jp,Female,Ardee,Ireland,33,Services
260,Rheta,Poland,rpoland77@mit.edu,Female,Newbiggin,United Kingdom,30,Engineering
261,Tim,Wyrill,twyrill78@eepurl.com,Male,Bristol,United Kingdom,28,Marketing
262,Symon,Westbrook,swestbrook79@netlog.com,Male,Leeds,United Kingdom,34,Human Resources
263,Arlina,Malin,amalin7a@toplist.cz,Female,Cluain Meala,Ireland,34,Human Resources
264,Nertie,Dunster,ndunster7b@rediff.com,Female,Ballivor,Ireland,30,Marketing
265,Camey,Plaistowe,cplaistowe7c@techcrunch.com,Male,Clones,Ireland,27,Engineering
266,Bridgette,Manie,bmanie7d@forbes.com,Female,Kilmacanoge,Ireland,20,Services
267,Iona,Surridge,isurridge7e@guardian.co.uk,Female,Lucan,Ireland,27,Sales
268,Oliviero,Wisam,owisam7f@flavors.me,Male,Loughrea,Ireland,34,Marketing
269,Carlo,Gofton,cgofton7g@usda.gov,Male,Kiltamagh,Ireland,32,Product Management
270,Hammad,Eddoes,heddoes7h@seattletimes.com,Male,Eaton,United Kingdom,40,Training
271,Shanon,Cluff,scluff7i@exblog.jp,Female,Ballymun,Ireland,34,Product Management
272,Ronnica,Gunter,rgunter7j@discuz.net,Female,Rathwire,Ireland,27,Product Management
273,Marcelline,Kenrack,mkenrack7k@cnn.com,Female,Dromiskin,Ireland,22,Accounting
274,Farr,Parsand,fparsand7l@istockphoto.com,Male,Prosperous,Ireland,27,Support
275,Vanni,Lutsch,vlutsch7m@weather.com,Female,Ballinteer,Ireland,37,Accounting
276,Sterling,McClinton,smcclinton7n@webnode.com,Male,Rathnew,Ireland,33,Legal
277,Julianne,Hafner,jhafner7o@whitehouse.gov,Female,Raphoe,Ireland,36,Engineering
278,Zeb,Pigden,zpigden7p@soup.io,Male,Gort,Ireland,19,Research and Development
279,Mildrid,Bean,mbean7q@squarespace.com,Female,Church End,United Kingdom,26,Training
280,Adella,Kelley,akelley7r@google.com.hk,Female,Bundoran,Ireland,31,Marketing
281,Charissa,Dumberrill,cdumberrill7s@smugmug.com,Female,Gort,Ireland,19,Training
282,Stacey,Sedman,ssedman7t@webnode.com,Female,Farranacoush,Ireland,18,Training
283,Brendan,Panichelli,bpanichelli7u@lycos.com,Male,Balally,Ireland,24,Sales
284,Arthur,Marmion,amarmion7v@phpbb.com,Male,Tullamore,Ireland,26,Human Resources
285,Ebeneser,Garside,egarside7w@merriam-webster.com,Male,Kinnegad,Ireland,25,Engineering
286,Mariquilla,Temple,mtemple7x@google.co.uk,Female,Liverpool,United Kingdom,33,Business Development
287,Brion,Neathway,bneathway7y@godaddy.com,Male,Castlemartyr,Ireland,34,Support
288,Audry,Dron,adron7z@ning.com,Female,Norton,United Kingdom,23,Business Development
289,Basilio,Hawgood,bhawgood80@blogspot.com,Male,Ardee,Ireland,38,Legal
290,Zackariah,Fleischmann,zfleischmann81@mayoclinic.com,Male,Marston,United Kingdom,27,Product Management
291,Chad,Tumayan,ctumayan82@apache.org,Male,Aghada,Ireland,39,Research and Development
292,Rosie,Cheverton,rcheverton83@skyrock.com,Female,Midleton,Ireland,19,Training
293,Lethia,Ebertz,lebertz84@berkeley.edu,Female,Cill Airne,Ireland,38,Product Management
294,Orren,Lemon,olemon85@salon.com,Male,Kilmacanoge,Ireland,35,Product Management
295,Yardley,Dodman,ydodman86@japanpost.jp,Male,Tower,Ireland,30,Training
296,Emilio,Lambol,elambol87@wufoo.com,Male,Ashford,Ireland,36,Marketing
297,Leodora,Melling,lmelling88@google.cn,Female,Bradford,United Kingdom,21,Sales
298,Abdul,Dedon,adedon89@facebook.com,Male,Charlesland,Ireland,27,Training
299,Anatole,Spradbrow,aspradbrow8a@phoca.cz,Male,Leixlip,Ireland,29,Accounting
300,Hobart,Shreve,hshreve8b@angelfire.com,Male,Whitegate,Ireland,39,Human Resources
301,Reggis,Jeanneau,rjeanneau8c@163.com,Male,Ashley,United Kingdom,39,Services
302,Leonelle,Meacher,lmeacher8d@hp.com,Female,Cluain Meala,Ireland,39,Support
303,Andeee,Hullett,ahullett8e@arstechnica.com,Female,Listowel,Ireland,27,Accounting
304,Leif,Surmon,lsurmon8f@loc.gov,Male,Upton,United Kingdom,25,Services
305,Thomasa,MacLennan,tmaclennan8g@cam.ac.uk,Female,Castlemartyr,Ireland,37,Engineering
306,Bat,Thoma,bthoma8h@csmonitor.com,Male,Granard,Ireland,30,Support
307,Ilario,Pescod,ipescod8i@cornell.edu,Male,Pentre,United Kingdom,22,Accounting
308,Bird,Yesenin,byesenin8j@yolasite.com,Female,Caherconlish,Ireland,25,Business Development
309,Redd,Pollicote,rpollicote8k@fotki.com,Male,Enniskerry,Ireland,28,Support
310,Patience,Daud,pdaud8l@so-net.ne.jp,Female,Ballyjamesduff,Ireland,29,Legal
311,Thorn,Filippello,tfilippello8m@macromedia.com,Male,Macroom,Ireland,29,Sales
312,Shepard,Hawkeridge,shawkeridge8n@reference.com,Male,Carrigaline,Ireland,27,Business Development
313,Roddy,Gingold,rgingold8o@comcast.net,Male,Bantry,Ireland,32,Legal
314,Maire,Risebarer,mrisebarer8p@163.com,Female,Aughrim,Ireland,25,Engineering
315,Demott,Keaveney,dkeaveney8q@irs.gov,Male,Milton,United Kingdom,18,Accounting
316,Elga,Bach,ebach8r@delicious.com,Female,Moville,Ireland,27,Product Management
317,Martita,Tomovic,mtomovic8s@storify.com,Female,Birr,Ireland,37,Business Development
318,Ivie,Kopje,ikopje8t@fema.gov,Female,Tullyallen,Ireland,34,Business Development
319,Kilian,Largent,klargent8u@unicef.org,Male,Listowel,Ireland,21,Services
320,Malcolm,Wortt,mwortt8v@marketwatch.com,Male,Caherconlish,Ireland,34,Accounting
321,Ame,Hoolaghan,ahoolaghan8w@patch.com,Female,Moate,Ireland,21,Sales
322,Adrian,Dargan,adargan8x@ucsd.edu,Male,Walton,United Kingdom,38,Engineering
323,Elyn,Carney,ecarney8y@furl.net,Female,Sallins,Ireland,34,Engineering
324,Lowrance,Nissle,lnissle8z@businessinsider.com,Male,Donegal,Ireland,38,Marketing
325,Richie,Shorte,rshorte90@va.gov,Male,Kingscourt,Ireland,18,Business Development
326,Ashby,Laxson,alaxson91@cpanel.net,Male,Lusk,Ireland,33,Training
327,Raddie,McKane,rmckane92@jalbum.net,Male,Prosperous,Ireland,33,Human Resources
328,Malcolm,Sorbie,msorbie93@flavors.me,Male,Aughrim,Ireland,33,Legal
329,Miran,Ruff,mruff94@slate.com,Female,Milton,United Kingdom,37,Human Resources
330,Willy,Janny,wjanny95@moonfruit.com,Female,Kill,Ireland,37,Marketing
331,Charmian,Sealove,csealove96@devhub.com,Female,Bristol,United Kingdom,32,Human Resources
332,Northrop,Vittery,nvittery97@bloglovin.com,Male,Cobh,Ireland,20,Accounting
333,Giralda,Goldstraw,ggoldstraw98@earthlink.net,Female,Dundrum,Ireland,18,Product Management
334,Jose,Burstow,jburstow99@constantcontact.com,Male,Dunlewy,Ireland,24,Training
335,Marshal,Iddins,middins9a@storify.com,Male,Castlerea,Ireland,25,Sales
336,Davy,Oller,doller9b@jugem.jp,Male,Ashbourne,Ireland,35,Research and Development
337,Marisa,Muckleston,mmuckleston9c@feedburner.com,Female,Tullyallen,Ireland,34,Accounting
338,Koo,Emanuelli,kemanuelli9d@sun.com,Female,Kinloch,United Kingdom,22,Business Development
339,Nellie,Plaunch,nplaunch9e@google.it,Female,Navan,Ireland,34,Legal
340,Janette,Seedull,jseedull9f@umich.edu,Female,Eaton,United Kingdom,35,Business Development
341,Emlynne,Dimmer,edimmer9g@techcrunch.com,Female,London,United Kingdom,26,Legal
342,Zoe,Cloney,zcloney9h@ebay.com,Female,Naas,Ireland,31,Accounting
343,Rooney,Coste,rcoste9i@blogger.com,Male,Tullich,United Kingdom,31,Marketing
344,Mohammed,Kelsow,mkelsow9j@github.io,Male,Birr,Ireland,26,Engineering
345,Kenton,Sent,ksent9k@wordpress.org,Male,Ratoath,Ireland,36,Engineering
346,Cristobal,Foystone,cfoystone9l@dedecms.com,Male,Foxrock,Ireland,37,Sales
347,Laney,Rumford,lrumford9m@alibaba.com,Male,Merton,United Kingdom,26,Business Development
348,Delly,Pengelly,dpengelly9n@squarespace.com,Female,Moate,Ireland,29,Sales
349,Phaedra,Maccari,pmaccari9o@youtube.com,Female,Horton,United Kingdom,24,Marketing
350,Hazel,Schruur,hschruur9p@opensource.org,Female,Shankill,Ireland,36,Sales
351,Frederich,Scrace,fscrace9q@nsw.gov.au,Male,Templeogue,Ireland,21,Legal
352,Krishnah,Asaaf,kasaaf9r@youku.com,Male,Longford,Ireland,30,Marketing
353,Ulysses,Edler,uedler9s@google.cn,Male,Wirral,United Kingdom,21,Business Development
354,Tallia,Lampke,tlampke9t@paypal.com,Female,Farranacoush,Ireland,24,Product Management
355,Rhodie,Daymond,rdaymond9u@bloglovin.com,Female,Ballymun,Ireland,29,Engineering
356,Torin,Jewers,tjewers9v@hud.gov,Male,Cashel,Ireland,36,Training
357,Salomone,Keiley,skeiley9w@rakuten.co.jp,Male,Lusk,Ireland,31,Legal
358,Rosina,Turfrey,rturfrey9x@blogs.com,Female,Kinloch,United Kingdom,21,Business Development
359,Zenia,Persey,zpersey9y@japanpost.jp,Female,Youghal,Ireland,26,Human Resources
360,Zeke,Fust,zfust9z@census.gov,Male,Donegal,Ireland,39,Research and Development
361,Roger,Maharg,rmaharga0@dot.gov,Male,Crumlin,Ireland,21,Marketing
362,Randy,Dinsdale,rdinsdalea1@cnn.com,Female,Whitchurch,United Kingdom,25,Sales
363,Nerta,Lewnden,nlewndena2@who.int,Female,Milton,United Kingdom,37,Services
364,Emanuel,Eburah,eeburaha3@mashable.com,Male,Manorhamilton,Ireland,20,Legal
365,Derron,Fettiplace,dfettiplacea4@kickstarter.com,Male,Prosperous,Ireland,20,Training
366,Neda,Penreth,npenretha5@behance.net,Female,Dunlewy,Ireland,26,Services
367,Cirilo,Noon,cnoona6@booking.com,Male,Bayside,Ireland,39,Business Development
368,Mame,Purcell,mpurcella7@wikimedia.org,Female,Raheny,Ireland,30,Training
369,Xylia,Hargreves,xhargrevesa8@nsw.gov.au,Female,Wirral,United Kingdom,23,Business Development
370,Ches,Mattiassi,cmattiassia9@a8.net,Male,Upton,United Kingdom,21,Legal
371,Robb,Chin,rchinaa@deviantart.com,Male,Boyle,Ireland,35,Support
372,Frederich,Idwal Evans,fidwalevansab@ibm.com,Male,Clonskeagh,Ireland,38,Research and Development
373,Kirstin,Lindenbaum,klindenbaumac@sohu.com,Female,Kirkton,United Kingdom,36,Support
374,Nelia,Padilla,npadillaad@joomla.org,Female,Sutton,United Kingdom,22,Product Management
375,Barbey,Houldey,bhouldeyae@spiegel.de,Female,Newmarket on Fergus,Ireland,33,Services
376,Rolf,Steckings,rsteckingsaf@washingtonpost.com,Male,Drumcondra,Ireland,29,Training
377,Kelsi,O'Reagan,koreaganag@theglobeandmail.com,Female,Cavan,Ireland,25,Legal
378,Nikolos,Stonestreet,nstonestreetah@plala.or.jp,Male,Tower,Ireland,22,Accounting
379,Hollis,Pheasant,hpheasantai@uol.com.br,Male,Swords,Ireland,37,Support
380,Aarika,Brownsworth,abrownsworthaj@census.gov,Female,Donnybrook,Ireland,28,Research and Development
381,Filip,Chatan,fchatanak@sciencedaily.com,Male,Navan,Ireland,36,Support
382,Kore,Simmgen,ksimmgenal@cloudflare.com,Female,Moate,Ireland,37,Human Resources
383,Bret,Angear,bangearam@comsenz.com,Male,Monaghan,Ireland,29,Product Management
384,Kandy,Stocker,kstockeran@java.com,Female,Manorhamilton,Ireland,35,Training
385,Ollie,Gudeman,ogudemanao@youtu.be,Female,Castleblayney,Ireland,24,Services
386,Karylin,Sagerson,ksagersonap@wunderground.com,Female,Cashel,Ireland,40,Support
387,Teresina,Beebe,tbeebeaq@howstuffworks.com,Female,Newton,United Kingdom,35,Training
388,Eryn,Redsall,eredsallar@independent.co.uk,Female,Monkstown,Ireland,20,Product Management
389,Gabriel,Dudderidge,gdudderidgeas@imageshack.us,Female,Watergrasshill,Ireland,23,Services
390,Kevan,Farren,kfarrenat@prnewswire.com,Male,Skibbereen,Ireland,30,Legal
391,Gardy,Le-Good,glegoodau@latimes.com,Male,Middleton,United Kingdom,24,Services
392,Borg,Trussell,btrussellav@home.pl,Male,Wirral,United Kingdom,34,Services
393,Bamby,Querree,bquerreeaw@sbwire.com,Female,Rathwire,Ireland,36,Support
394,Arne,Caccavale,acaccavaleax@howstuffworks.com,Male,Milton,United Kingdom,32,Accounting
395,Ellery,Tomsett,etomsettay@tmall.com,Male,Buckland,United Kingdom,38,Human Resources
396,Seward,Brann,sbrannaz@nature.com,Male,Norton,United Kingdom,35,Training
397,Seth,Breagan,sbreaganb0@miitbeian.gov.cn,Male,Athy,Ireland,23,Legal
398,Kattie,Frushard,kfrushardb1@discuz.net,Female,Kingscourt,Ireland,29,Legal
399,Sloan,Estcourt,sestcourtb2@51.la,Male,Blarney,Ireland,29,Research and Development
400,Vinson,St. Queintain,vstqueintainb3@ocn.ne.jp,Male,Carrigtwohill,Ireland,37,Product Management
401,Ki,Cornbell,kcornbellb4@timesonline.co.uk,Female,Rathdrum,Ireland,26,Services
402,Spense,Edridge,sedridgeb5@photobucket.com,Male,Clones,Ireland,19,Support
403,Erda,Roeby,eroebyb6@engadget.com,Female,East End,United Kingdom,33,Engineering
404,Schuyler,Downie,sdownieb7@dyndns.org,Male,Lusk,Ireland,33,Research and Development
405,Byrom,Coleshill,bcoleshillb8@desdev.cn,Male,Ford,United Kingdom,32,Business Development
406,Orrin,Margaritelli,omargaritellib9@eepurl.com,Male,Castlebellingham,Ireland,30,Human Resources
407,Allayne,Windibank,awindibankba@bravesites.com,Male,Leixlip,Ireland,34,Accounting
408,Linnea,Saffon,lsaffonbb@ibm.com,Female,Ford,United Kingdom,40,Legal
409,Jemmy,Stefi,jstefibc@youtube.com,Female,Macroom,Ireland,19,Sales
410,Abel,Dunkerley,adunkerleybd@themeforest.net,Male,Leeds,United Kingdom,36,Marketing
411,Chancey,Gourlay,cgourlaybe@usnews.com,Male,Balrothery,Ireland,31,Training
412,Stacey,Walshe,swalshebf@com.com,Female,Seaton,United Kingdom,39,Sales
413,Merla,Meineking,mmeinekingbg@unesco.org,Female,Cobh,Ireland,19,Sales
414,Chicky,Raggitt,craggittbh@psu.edu,Male,Liverpool,United Kingdom,21,Sales
415,Bettine,Brahams,bbrahamsbi@yolasite.com,Female,Manchester,United Kingdom,18,Support
416,Merilyn,Oxteby,moxtebybj@taobao.com,Female,Ashbourne,Ireland,29,Legal
417,Iolande,Lancett,ilancettbk@answers.com,Female,Ashley,United Kingdom,31,Accounting
418,Courtnay,McConnulty,cmcconnultybl@ted.com,Male,Dunleer,Ireland,21,Product Management
419,Gaultiero,Linford,glinfordbm@seesaa.net,Male,London,United Kingdom,33,Services
420,Quinn,Woloschin,qwoloschinbn@a8.net,Female,Dún Laoghaire,Ireland,21,Sales
421,Yuma,Pannaman,ypannamanbo@usa.gov,Male,Bayside,Ireland,36,Human Resources
422,Norry,Wadwell,nwadwellbp@umn.edu,Male,Prosperous,Ireland,28,Accounting
423,Justino,Moorman,jmoormanbq@posterous.com,Male,Carlton,United Kingdom,19,Human Resources
424,Estele,Pulfer,epulferbr@princeton.edu,Female,Ballinteer,Ireland,27,Product Management
425,Corabella,Saward,csawardbs@nytimes.com,Female,Tullyallen,Ireland,19,Training
426,Wilhelmina,Perritt,wperrittbt@zdnet.com,Female,Valleymount,Ireland,21,Research and Development
427,Huntley,Wonter,hwonterbu@canalblog.com,Male,Rathnew,Ireland,36,Engineering
428,Kirstin,Batterham,kbatterhambv@toplist.cz,Female,Stapleford,United Kingdom,23,Engineering
429,Hildy,McConnel,hmcconnelbw@youtube.com,Female,Greystones,Ireland,27,Marketing
430,Em,Smurfitt,esmurfittbx@hp.com,Female,Merton,United Kingdom,29,Engineering
431,Dulcine,Ladlow,dladlowby@dagondesign.com,Female,Bundoran,Ireland,31,Human Resources
432,Yule,Linton,ylintonbz@mac.com,Male,Kilkenny,Ireland,38,Engineering
433,Megen,Sturgess,msturgessc0@w3.org,Female,Lucan,Ireland,28,Business Development
434,Galen,d'Arcy,gdarcyc1@amazonaws.com,Male,London,United Kingdom,24,Legal
435,Fae,Grindell,fgrindellc2@digg.com,Female,Cashel,Ireland,23,Accounting
436,Webb,Coutts,wcouttsc3@uol.com.br,Male,Tallaght,Ireland,34,Support
437,Dwight,Krzysztofiak,dkrzysztofiakc4@naver.com,Male,Craigavon,United Kingdom,19,Sales
438,Reagen,Ingman,ringmanc5@globo.com,Male,Whitwell,United Kingdom,27,Accounting
439,Walsh,Knibb,wknibbc6@acquirethisname.com,Male,Dungarvan,Ireland,35,Training
440,Dede,Lighterness,dlighternessc7@lulu.com,Female,Upton,United Kingdom,29,Human Resources
441,Garreth,Heakins,gheakinsc8@google.es,Male,Burnside,United Kingdom,18,Marketing
442,Ax,Klossek,aklossekc9@trellian.com,Male,Castlerea,Ireland,22,Engineering
443,Christabella,Jagger,cjaggerca@si.edu,Female,Eaton,United Kingdom,20,Services
444,Chickie,Grigsby,cgrigsbycb@globo.com,Male,Cavan,Ireland,25,Marketing
445,Rafferty,Nisbet,rnisbetcc@friendfeed.com,Male,Confey,Ireland,20,Legal
446,Terza,Rivaland,trivalandcd@com.com,Female,Kill,Ireland,32,Product Management
447,Bary,Pogg,bpoggce@linkedin.com,Male,Bristol,United Kingdom,18,Engineering
448,Jeramie,McCane,jmccanecf@moonfruit.com,Male,Cork,Ireland,29,Training
449,Sheffie,Ranby,sranbycg@mayoclinic.com,Male,Donabate,Ireland,24,Support
450,Nana,Pollendine,npollendinech@edublogs.org,Female,Liverpool,United Kingdom,35,Research and Development
451,Lucky,Jacmard,ljacmardci@ox.ac.uk,Female,Moycullen,Ireland,22,Accounting
452,Devonne,McGurn,dmcgurncj@theatlantic.com,Female,Virginia,Ireland,36,Legal
453,Artemis,Shewsmith,ashewsmithck@tripod.com,Male,Cobh,Ireland,22,Training
454,Bren,Hort,bhortcl@npr.org,Female,Tallaght,Ireland,35,Marketing
455,Wadsworth,Padmore,wpadmorecm@fotki.com,Male,Dublin,Ireland,35,Engineering
456,Patten,Holsey,pholseycn@nbcnews.com,Male,Balrothery,Ireland,20,Human Resources
457,Annadiana,Farryan,afarryanco@bigcartel.com,Female,Cloyne,Ireland,23,Business Development
458,Perla,Boas,pboascp@chicagotribune.com,Female,Portumna,Ireland,30,Training
459,Merla,Purves,mpurvescq@nps.gov,Female,Marston,United Kingdom,35,Support
460,Elisha,Pleat,epleatcr@washington.edu,Female,Sheffield,United Kingdom,31,Research and Development
461,Tracey,Dowthwaite,tdowthwaitecs@engadget.com,Female,Kingston,United Kingdom,40,Training
462,Kacy,Triggol,ktriggolct@theglobeandmail.com,Female,Rathangan,Ireland,35,Human Resources
463,Darcey,Rapelli,drapellicu@hubpages.com,Female,Norton,United Kingdom,23,Legal
464,Flossi,Bittlestone,fbittlestonecv@washingtonpost.com,Female,Milltown,Ireland,32,Support
465,Mae,Richemond,mrichemondcw@rambler.ru,Female,London,United Kingdom,27,Training
466,Valentina,Semble,vsemblecx@mtv.com,Female,Ardee,Ireland,18,Sales
467,Con,Botwright,cbotwrightcy@cnet.com,Female,Foxrock,Ireland,29,Legal
468,Quincy,Tennewell,qtennewellcz@cpanel.net,Male,Cill Airne,Ireland,24,Legal
469,Kurtis,Broinlich,kbroinlichd0@seattletimes.com,Male,Twyford,United Kingdom,38,Engineering
470,Katy,Jodrellec,kjodrellecd1@typepad.com,Female,Dublin,Ireland,20,Training
471,Jacynth,Mawby,jmawbyd2@nymag.com,Female,Bailieborough,Ireland,20,Product Management
472,Murry,Breedy,mbreedyd3@networkadvertising.org,Male,Rathangan,Ireland,24,Services
473,Sutton,Allett,sallettd4@aol.com,Male,Granard,Ireland,19,Sales
474,Danny,Ivantyev,divantyevd5@usa.gov,Male,Castlerea,Ireland,32,Accounting
475,Merrile,MacKean,mmackeand6@sohu.com,Female,Crumlin,Ireland,33,Accounting
476,Elicia,Eames,eeamesd7@t-online.de,Female,Swinford,Ireland,35,Research and Development
477,Pace,Dayne,pdayned8@umich.edu,Male,Aston,United Kingdom,27,Product Management
478,Moses,Diplock,mdiplockd9@drupal.org,Male,Dromiskin,Ireland,37,Human Resources
479,Lorrie,Foddy,lfoddyda@diigo.com,Female,Cabinteely,Ireland,24,Human Resources
480,Tabbie,McGee,tmcgeedb@vinaora.com,Male,Kinnegad,Ireland,21,Support
481,Byrom,Ponting,bpontingdc@forbes.com,Male,Kinsealy-Drinan,Ireland,33,Human Resources
482,Alvan,Liffey,aliffeydd@walmart.com,Male,Trá Mhór,Ireland,37,Human Resources
483,Sebastiano,Cooke,scookede@facebook.com,Male,Bristol,United Kingdom,26,Business Development
484,Freida,Svanini,fsvaninidf@blogtalkradio.com,Female,Portarlington,Ireland,19,Marketing
485,Evvie,Scarsbrooke,escarsbrookedg@sogou.com,Female,Skerries,Ireland,26,Marketing
486,Tomas,Dumphy,tdumphydh@chron.com,Male,Birmingham,United Kingdom,27,Accounting
487,Lelia,Svanetti,lsvanettidi@reuters.com,Female,Valleymount,Ireland,38,Engineering
488,Gibby,Aires,gairesdj@mac.com,Male,Clones,Ireland,22,Services
489,Gale,Bartlosz,gbartloszdk@eventbrite.com,Female,Piltown,Ireland,30,Human Resources
490,Verena,Micheli,vmichelidl@photobucket.com,Female,Church End,United Kingdom,25,Accounting
491,Raimund,Bassano,rbassanodm@timesonline.co.uk,Male,Sandyford,Ireland,22,Training
492,Tommie,Canape,tcanapedn@twitter.com,Female,Thorpe,United Kingdom,40,Support
493,Cordell,Linster,clinsterdo@umn.edu,Male,Charlesland,Ireland,34,Marketing
494,Zilvia,Lampert,zlampertdp@blog.com,Female,Drumcondra,Ireland,30,Business Development
495,Camala,McKellen,cmckellendq@shinystat.com,Female,Manchester,United Kingdom,33,Business Development
496,Jacky,Franchioni,jfranchionidr@uiuc.edu,Male,Buckland,United Kingdom,28,Legal
497,Merrel,Hepher,mhepherds@prweb.com,Male,Denton,United Kingdom,20,Marketing
498,Agnola,Mallabone,amallabonedt@techcrunch.com,Female,Norton,United Kingdom,20,Engineering
499,Humfried,Moorerud,hmooreruddu@businessweek.com,Male,Wootton,United Kingdom,21,Sales
500,Francyne,Cluet,fcluetdv@answers.com,Female,Newmarket on Fergus,Ireland,39,Product Management
501,Jobye,Piddletown,jpiddletowndw@goodreads.com,Female,Sutton,United Kingdom,32,Sales
502,Izaak,Mohamed,imohameddx@joomla.org,Male,Rathdrum,Ireland,35,Support
503,Timmie,Whatsize,twhatsizedy@msn.com,Male,Arklow,Ireland,40,Training
504,Kendricks,Green,kgreendz@google.com.au,Male,Monaghan,Ireland,40,Accounting
505,Darla,Valerio,dvalerioe0@accuweather.com,Female,Whitwell,United Kingdom,28,Business Development
506,Stormy,Kleinholz,skleinholze1@gravatar.com,Female,Swords,Ireland,24,Marketing
507,Lazar,Abrahim,labrahime2@house.gov,Male,Marston,United Kingdom,19,Legal
508,Simon,Eakly,seaklye3@purevolume.com,Male,Kildare,Ireland,32,Sales
509,Berny,Donett,bdonette4@discuz.net,Female,Clogherhead,Ireland,18,Business Development
510,Jacintha,Kilshall,jkilshalle5@howstuffworks.com,Female,Foxrock,Ireland,32,Services
511,Adeline,Symon,asymone6@newyorker.com,Female,Tullyallen,Ireland,22,Marketing
512,Fannie,Jerrans,fjerranse7@alibaba.com,Female,Gorey,Ireland,23,Legal
513,Spike,Mitchley,smitchleye8@list-manage.com,Male,Sutton,United Kingdom,24,Sales
514,Vanny,McDiarmid,vmcdiarmide9@latimes.com,Female,Norton,United Kingdom,33,Training
515,Philbert,Comsty,pcomstyea@cocolog-nifty.com,Male,Marston,United Kingdom,33,Services
516,Morry,Larrad,mlarradeb@diigo.com,Male,Buckland,United Kingdom,23,Accounting
517,Morgana,Grimm,mgrimmec@jugem.jp,Female,Clifden,Ireland,39,Training
518,Giovanni,Doddemeede,gdoddemeedeed@creativecommons.org,Male,Kinsale,Ireland,30,Accounting
519,Alexis,Mulryan,amulryanee@addthis.com,Male,Fairview,Ireland,35,Engineering
520,Trix,O'Cosgra,tocosgraef@cbsnews.com,Female,Kinlough,Ireland,31,Marketing
521,Ericka,Cupitt,ecupitteg@lulu.com,Female,Buckland,United Kingdom,21,Human Resources
522,Jilleen,Emmines,jemmineseh@mac.com,Female,Ashford,Ireland,37,Research and Development
523,Renado,Rubbert,rrubbertei@uiuc.edu,Male,Moville,Ireland,34,Human Resources
524,Vivian,Baxill,vbaxillej@eventbrite.com,Female,Ballivor,Ireland,39,Marketing
525,Claude,Mennithorp,cmennithorpek@zimbio.com,Female,Prosperous,Ireland,37,Services
526,Ellary,Silk,esilkel@godaddy.com,Male,Clogherhead,Ireland,20,Business Development
527,Reinaldos,Tames,rtamesem@shinystat.com,Male,Ashbourne,Ireland,38,Business Development
528,Cletus,Lillicrap,clillicrapen@feedburner.com,Male,Trá Mhór,Ireland,18,Marketing
529,Osmond,Lief,oliefeo@bbc.co.uk,Male,Dublin,Ireland,23,Marketing
530,Piotr,Housam,phousamep@google.pl,Male,Gweedore,Ireland,27,Marketing
531,Beck,Mizzen,bmizzeneq@uol.com.br,Male,Killumney,Ireland,37,Human Resources
532,Lynette,Pays,lpayser@huffingtonpost.com,Female,Monkstown,Ireland,24,Research and Development
533,Murdock,Janssen,mjanssenes@zdnet.com,Male,Belfast,United Kingdom,40,Services
534,Oates,Ligertwood,oligertwoodet@ycombinator.com,Male,Upton,United Kingdom,19,Sales
535,Melvin,Buyers,mbuyerseu@example.com,Male,Thomastown,Ireland,33,Services
536,Abbey,Aldham,aaldhamev@posterous.com,Female,Killorglin,Ireland,26,Accounting
537,Marlo,Berens,mberensew@free.fr,Female,Kilmacanoge,Ireland,27,Business Development
538,Russ,Tideswell,rtideswellex@earthlink.net,Male,Ballivor,Ireland,39,Product Management
539,Agustin,Gainsburgh,againsburghey@discuz.net,Male,Bantry,Ireland,38,Product Management
540,Addia,Munson,amunsonez@people.com.cn,Female,Rathdrum,Ireland,24,Product Management
541,Orville,Berk,oberkf0@privacy.gov.au,Male,Dungarvan,Ireland,35,Product Management
542,Binnie,Oxton,boxtonf1@telegraph.co.uk,Female,London,United Kingdom,39,Sales
543,Sada,Biswell,sbiswellf2@tripadvisor.com,Female,Newton,United Kingdom,35,Engineering
544,Sal,Clifford,scliffordf3@wisc.edu,Female,Glasgow,United Kingdom,32,Services
545,Lorinda,Radish,lradishf4@vistaprint.com,Female,Muff,Ireland,37,Marketing
546,Nowell,Corbishley,ncorbishleyf5@psu.edu,Male,Middleton,United Kingdom,19,Research and Development
547,Scotty,Witham,swithamf6@miibeian.gov.cn,Male,Norton,United Kingdom,22,Accounting
548,Sigismond,Dainty,sdaintyf7@si.edu,Male,London,United Kingdom,36,Training
549,Katrina,Lowndesbrough,klowndesbroughf8@hp.com,Female,Newton,United Kingdom,28,Business Development
550,Rodina,Bissiker,rbissikerf9@stanford.edu,Female,Ardee,Ireland,33,Services
551,Annalise,MacArd,amacardfa@clickbank.net,Female,Carrigtwohill,Ireland,39,Legal
552,Orran,Haxley,ohaxleyfb@livejournal.com,Male,Kingston,United Kingdom,20,Marketing
553,Josiah,Plaskett,jplaskettfc@sakura.ne.jp,Male,Rathwire,Ireland,40,Legal
554,Bjorn,Wilton,bwiltonfd@smugmug.com,Male,Naas,Ireland,38,Engineering
555,Neale,Dyke,ndykefe@ted.com,Male,Dromiskin,Ireland,36,Human Resources
556,Putnam,Seakings,pseakingsff@thetimes.co.uk,Male,Swords,Ireland,34,Engineering
557,Essy,Brantzen,ebrantzenfg@archive.org,Female,Athy,Ireland,26,Services
558,Maxy,Bethune,mbethunefh@google.com.br,Female,Donabate,Ireland,21,Accounting
559,Cyndie,Brien,cbrienfi@netscape.com,Female,Longford,Ireland,34,Services
560,Tammy,Brill,tbrillfj@cafepress.com,Female,Macroom,Ireland,34,Marketing
561,Krissie,Jeafferson,kjeaffersonfk@mapy.cz,Female,Bantry,Ireland,30,Human Resources
562,Ag,Barneveld,abarneveldfl@canalblog.com,Female,London,United Kingdom,39,Support
563,Idette,Wimmer,iwimmerfm@rediff.com,Female,Youghal,Ireland,36,Research and Development
564,Iosep,Swalowe,iswalowefn@jimdo.com,Male,Ballyboden,Ireland,39,Support
565,Riobard,Sealey,rsealeyfo@craigslist.org,Male,Gort,Ireland,18,Human Resources
566,Ema,Groucutt,egroucuttfp@mediafire.com,Female,Moville,Ireland,37,Support
567,Levey,Mathevet,lmathevetfq@mysql.com,Male,Newton,United Kingdom,20,Sales
568,Kare,Dobble,kdobblefr@washington.edu,Female,Rathwire,Ireland,39,Services
569,Marylee,Huard,mhuardfs@pcworld.com,Female,Donnycarney,Ireland,36,Research and Development
570,Haskell,Tarver,htarverft@stumbleupon.com,Male,Rathwire,Ireland,27,Sales
571,Upton,Stirling,ustirlingfu@g.co,Male,Kilmacanoge,Ireland,39,Human Resources
572,Chen,Newman,cnewmanfv@domainmarket.com,Male,Dún Laoghaire,Ireland,19,Human Resources
573,Reuven,Cannaway,rcannawayfw@hugedomains.com,Male,Monasterevin,Ireland,36,Legal
574,Giralda,Mulvihill,gmulvihillfx@hhs.gov,Female,Dalkey,Ireland,26,Accounting
575,Ronica,Minnock,rminnockfy@imdb.com,Female,Brampton,United Kingdom,39,Accounting
576,Glen,Rothchild,grothchildfz@mac.com,Female,Ballylinan,Ireland,36,Product Management
577,Karlie,Duro,kdurog0@kickstarter.com,Female,Castlemartyr,Ireland,18,Legal
578,Rolland,MacCostigan,rmaccostigang1@bbb.org,Male,Longwood,Ireland,36,Business Development
579,Chickie,Rottery,crotteryg2@independent.co.uk,Male,Cobh,Ireland,29,Business Development
580,Melva,Belham,mbelhamg3@stanford.edu,Female,Granard,Ireland,30,Marketing
581,Nicol,Ainley,nainleyg4@google.ca,Male,Gorey,Ireland,32,Legal
582,Gabriello,Hynde,ghyndeg5@timesonline.co.uk,Male,Preston,United Kingdom,33,Marketing
583,Kathie,Tuckwell,ktuckwellg6@4shared.com,Female,Castlemartyr,Ireland,30,Training
584,Berny,McKibben,bmckibbeng7@webs.com,Female,Tullyallen,Ireland,20,Accounting
585,Shelby,Hurleston,shurlestong8@flickr.com,Female,Donnycarney,Ireland,33,Business Development
586,Rubia,Jobbings,rjobbingsg9@xing.com,Female,Milton,United Kingdom,40,Training
587,Rozina,Morrice,rmorricega@soup.io,Female,Norton,United Kingdom,34,Accounting
588,Chick,Hardy,chardygb@g.co,Male,Killumney,Ireland,37,Legal
589,Betsy,Dobey,bdobeygc@archive.org,Female,Shankill,Ireland,38,Training
590,Hart,Fielders,hfieldersgd@ox.ac.uk,Male,Dublin,Ireland,37,Sales
591,Rosemary,Jiroudek,rjiroudekge@live.com,Female,Beaumont,Ireland,37,Training
592,Herrick,Sneezum,hsneezumgf@linkedin.com,Male,Adare,Ireland,28,Research and Development
593,Angie,Gehring,agehringgg@utexas.edu,Male,Carrigtwohill,Ireland,29,Product Management
594,Carry,MacKowle,cmackowlegh@rambler.ru,Female,Dún Laoghaire,Ireland,21,Sales
595,Paulo,Halley,phalleygi@businesswire.com,Male,Longford,Ireland,21,Support
596,Cad,Ovendon,covendongj@jimdo.com,Male,Arklow,Ireland,31,Research and Development
597,Hanson,Rappaport,hrappaportgk@prweb.com,Male,Ballybofey,Ireland,39,Product Management
598,Rosetta,Espinazo,respinazogl@cam.ac.uk,Female,Tralee,Ireland,29,Sales
599,Huntlee,Shorthouse,hshorthousegm@hubpages.com,Male,Clonskeagh,Ireland,38,Research and Development
600,Ivar,Tattersfield,itattersfieldgn@illinois.edu,Male,Langley,United Kingdom,27,Support
601,Cecilius,Guilfoyle,cguilfoylego@storify.com,Male,Aghada,Ireland,19,Product Management
602,Kesley,Loreit,kloreitgp@google.co.jp,Female,Newtown,United Kingdom,24,Marketing
603,Harriet,Keuneke,hkeunekegq@upenn.edu,Female,Athy,Ireland,18,Training
604,Aleta,Leare,alearegr@ibm.com,Female,Norton,United Kingdom,19,Marketing
605,Peria,Aymeric,paymericgs@taobao.com,Female,Buckland,United Kingdom,31,Sales
606,Jackie,Bawdon,jbawdongt@icio.us,Male,Kingston,United Kingdom,39,Training
607,Cosimo,Martina,cmartinagu@dot.gov,Male,Balrothery,Ireland,39,Sales
608,Hugues,Yankishin,hyankishingv@fc2.com,Male,Kildare,Ireland,37,Legal
609,Carin,Birkin,cbirkingw@google.es,Female,Ashford,Ireland,34,Accounting
610,Maddy,Robiot,mrobiotgx@imgur.com,Female,Marston,United Kingdom,36,Product Management
611,Ezra,Neissen,eneissengy@xrea.com,Male,Kiltamagh,Ireland,25,Marketing
612,Baxter,Veracruysse,bveracruyssegz@bbb.org,Male,Tullich,United Kingdom,26,Marketing
613,Angel,Mussen,amussenh0@4shared.com,Male,Castleblayney,Ireland,40,Training
614,Natalee,Smidmoor,nsmidmoorh1@github.io,Female,Youghal,Ireland,33,Engineering
615,Concordia,Gorges,cgorgesh2@youtu.be,Female,Carrigaline,Ireland,37,Marketing
616,Fonzie,Charles,fcharlesh3@yahoo.com,Male,Glasnevin,Ireland,33,Marketing
617,Carny,Niccols,cniccolsh4@pinterest.com,Male,Askeaton,Ireland,24,Business Development
618,Edwina,Landon,elandonh5@kickstarter.com,Female,Oranmore,Ireland,34,Product Management
619,Klarrisa,Gallant,kgallanth6@google.de,Female,Brampton,United Kingdom,30,Legal
620,Letta,Bendel,lbendelh7@feedburner.com,Female,Ballymun,Ireland,38,Support
621,Kerry,Malim,kmalimh8@reverbnation.com,Female,Clonskeagh,Ireland,23,Support
622,Ermina,Mingasson,emingassonh9@stumbleupon.com,Female,Ashbourne,Ireland,39,Training
623,Lief,Peasegood,lpeasegoodha@si.edu,Male,Denton,United Kingdom,19,Engineering
624,Goldie,Bisp,gbisphb@ebay.co.uk,Female,Monasterevin,Ireland,29,Services
625,Shell,Pickavance,spickavancehc@tinyurl.com,Female,Sandymount,Ireland,32,Engineering
626,Gill,MacGuiness,gmacguinesshd@creativecommons.org,Male,Dean,United Kingdom,32,Marketing
627,Dimitri,Klessmann,dklessmannhe@dailymail.co.uk,Male,Ballyjamesduff,Ireland,37,Sales
628,Berty,Strahan,bstrahanhf@facebook.com,Male,Boyle,Ireland,36,Services
629,Leroy,Acum,lacumhg@nationalgeographic.com,Male,Sutton,United Kingdom,40,Legal
630,Minette,Goadby,mgoadbyhh@narod.ru,Female,Moville,Ireland,38,Marketing
631,Royal,Alcock,ralcockhi@biglobe.ne.jp,Male,Tralee,Ireland,22,Product Management
632,Laughton,Wrathmall,lwrathmallhj@cbslocal.com,Male,Sandymount,Ireland,37,Research and Development
633,Sharron,Itzakovitz,sitzakovitzhk@yellowbook.com,Female,Kinsale,Ireland,31,Legal
634,Sibelle,Arthan,sarthanhl@discovery.com,Female,Hatton,United Kingdom,39,Accounting
635,Arte,Le Noir,alenoirhm@japanpost.jp,Male,Ashbourne,Ireland,35,Services
636,Minor,Gethyn,mgethynhn@webnode.com,Male,Monasterevin,Ireland,26,Support
637,Christi,Kures,ckuresho@angelfire.com,Female,Valleymount,Ireland,33,Services
638,Lucilia,Le Brun,llebrunhp@furl.net,Female,Kinsealy-Drinan,Ireland,20,Research and Development
639,Merry,Fer,mferhq@webeden.co.uk,Male,Weston,United Kingdom,24,Support
640,Caldwell,Bucky,cbuckyhr@marriott.com,Male,Brampton,United Kingdom,20,Support
641,Pepito,Scatchard,pscatchardhs@deliciousdays.com,Male,Rathdrum,Ireland,23,Human Resources
642,Trix,Strelitzer,tstrelitzerht@cbc.ca,Female,Clones,Ireland,21,Product Management
643,Lilias,Grigoliis,lgrigoliishu@surveymonkey.com,Female,Watergrasshill,Ireland,22,Product Management
644,Haskel,Muzzollo,hmuzzollohv@independent.co.uk,Male,Monasterevin,Ireland,30,Engineering
645,Teriann,Reddell,treddellhw@reference.com,Female,Tuam,Ireland,38,Accounting
646,Humfrey,Atwill,hatwillhx@adobe.com,Male,Bradford,United Kingdom,35,Research and Development
647,Christoffer,Robe,crobehy@cargocollective.com,Male,Ballyhaunis,Ireland,34,Research and Development
648,Clyve,Pach,cpachhz@infoseek.co.jp,Male,Sutton,Ireland,18,Engineering
649,Alfred,Beek,abeeki0@barnesandnoble.com,Male,Castlemartyr,Ireland,37,Legal
650,Kimberly,Shiel,kshieli1@prweb.com,Female,Nenagh,Ireland,18,Business Development
651,Callida,Auchterlonie,cauchterloniei2@dion.ne.jp,Female,Linton,United Kingdom,25,Human Resources
652,Jack,McCaffery,jmccafferyi3@oracle.com,Male,Ford,United Kingdom,30,Legal
653,Saloma,Gisburn,sgisburni4@europa.eu,Female,Milton,United Kingdom,39,Marketing
654,Karoly,Barthrup,kbarthrupi5@disqus.com,Male,Milton,United Kingdom,25,Product Management
655,Joey,Commusso,jcommussoi6@shutterfly.com,Female,Annacotty,Ireland,20,Research and Development
656,Kipper,Goodenough,kgoodenoughi7@smh.com.au,Male,Loughrea,Ireland,27,Business Development
657,Guenevere,Woodward,gwoodwardi8@hibu.com,Female,Sutton,United Kingdom,39,Research and Development
658,Silvan,Arnecke,sarneckei9@blogtalkradio.com,Male,Glasnevin,Ireland,40,Human Resources
659,Marcelle,McOnie,mmconieia@arstechnica.com,Female,Midleton,Ireland,27,Support
660,Corbet,Firminger,cfirmingerib@tmall.com,Male,Naas,Ireland,37,Marketing
661,Odelia,Tock,otockic@twitter.com,Female,Enniskerry,Ireland,20,Training
662,Anders,Alderton,aaldertonid@amazon.co.jp,Male,Manorhamilton,Ireland,35,Legal
663,Violet,Allcott,vallcottie@state.tx.us,Female,Blessington,Ireland,31,Accounting
664,Jarvis,Pigney,jpigneyif@addtoany.com,Male,Leeds,United Kingdom,37,Training
665,Edd,O'Scannill,eoscannillig@slideshare.net,Male,Bundoran,Ireland,22,Sales
666,Vinnie,Panther,vpantherih@pbs.org,Male,Aghada,Ireland,21,Business Development
667,Hadrian,Skeel,hskeelii@themeforest.net,Male,Bearna,Ireland,29,Research and Development
668,Diana,Frenchum,dfrenchumij@addtoany.com,Female,Tallaght,Ireland,34,Product Management
669,Austin,Doblin,adoblinik@walmart.com,Female,Enniskerry,Ireland,27,Services
670,Tuesday,Stather,tstatheril@geocities.com,Female,Marston,United Kingdom,20,Services
671,Gilemette,Pioli,gpioliim@slideshare.net,Female,Dundrum,Ireland,38,Legal
672,Padgett,Dunnett,pdunnettin@sbwire.com,Male,Weston,United Kingdom,30,Product Management
673,Kimmy,O' Bee,kobeeio@multiply.com,Female,Swindon,United Kingdom,20,Marketing
674,Chrissy,Clinnick,cclinnickip@seesaa.net,Male,Greenhills,Ireland,33,Sales
675,Audry,Kilcoyne,akilcoyneiq@slate.com,Female,Stradbally,Ireland,35,Legal
676,Gerome,Winslade,gwinsladeir@hc360.com,Male,Newton,United Kingdom,27,Engineering
677,Zsazsa,Brunroth,zbrunrothis@umich.edu,Female,Aghada,Ireland,39,Marketing
678,Washington,Sphinxe,wsphinxeit@unesco.org,Male,Ashford,Ireland,31,Engineering
679,Nariko,Mazzilli,nmazzilliiu@thetimes.co.uk,Female,Ballymahon,Ireland,31,Sales
680,Erick,Raiston,eraistoniv@salon.com,Male,Castleblayney,Ireland,24,Sales
681,Buiron,Burnyate,bburnyateiw@themeforest.net,Male,Cavan,Ireland,35,Engineering
682,Giavani,Margery,gmargeryix@exblog.jp,Male,Sheffield,United Kingdom,22,Training
683,Ezequiel,Dukes,edukesiy@dyndns.org,Male,Weston,United Kingdom,36,Human Resources
684,Chick,Kennelly,ckennellyiz@goodreads.com,Male,Ballina,Ireland,40,Services
685,Jaime,Bardsley,jbardsleyj0@japanpost.jp,Male,Drumcondra,Ireland,30,Human Resources
686,Tabbi,Jeanneau,tjeanneauj1@google.cn,Female,Lusk,Ireland,30,Engineering
687,Kelly,Masterman,kmastermanj2@naver.com,Female,London,United Kingdom,20,Engineering
688,Anni,Almon,aalmonj3@360.cn,Female,Clones,Ireland,34,Support
689,Sonnnie,Bisgrove,sbisgrovej4@buzzfeed.com,Female,Dunmanway,Ireland,19,Accounting
690,Erl,Stennine,estenninej5@aol.com,Male,Aberdeen,United Kingdom,23,Business Development
691,Brunhilda,Semechik,bsemechikj6@free.fr,Female,Crossmolina,Ireland,39,Support
692,Sibley,Milborn,smilbornj7@topsy.com,Female,Leixlip,Ireland,36,Business Development
693,Rhoda,Robbey,rrobbeyj8@slideshare.net,Female,Newton,United Kingdom,28,Business Development
694,Tiff,Tamblyn,ttamblynj9@cnn.com,Female,Aberdeen,United Kingdom,26,Support
695,Obadiah,Fattore,ofattoreja@canalblog.com,Male,Dungarvan,Ireland,32,Support
696,Donn,Pecey,dpeceyjb@baidu.com,Male,Donabate,Ireland,25,Services
697,Ludovico,Adkin,ladkinjc@aboutads.info,Male,East End,United Kingdom,26,Engineering
698,Orelie,Cockshoot,ocockshootjd@arstechnica.com,Female,Ballylinan,Ireland,38,Marketing
699,Netta,Englefield,nenglefieldje@1und1.de,Female,Blessington,Ireland,22,Training
700,Morie,McMurty,mmcmurtyjf@hubpages.com,Male,Kilmacanoge,Ireland,31,Support
701,Farrand,Pepys,fpepysjg@discovery.com,Female,Navan,Ireland,29,Research and Development
702,Ruperta,Swindin,rswindinjh@oakley.com,Female,Rathdrum,Ireland,19,Sales
703,Tiebout,Sangar,tsangarji@studiopress.com,Male,Charlesland,Ireland,25,Research and Development
704,Izak,Solland,isollandjj@tamu.edu,Male,Kinloch,United Kingdom,18,Engineering
705,Hyman,Ashplant,hashplantjk@apple.com,Male,Oranmore,Ireland,26,Marketing
706,Cinda,Tatem,ctatemjl@weebly.com,Female,Sheffield,United Kingdom,24,Services
707,Meagan,Mathie,mmathiejm@mayoclinic.com,Female,Tullamore,Ireland,39,Human Resources
708,Wain,Carbery,wcarberyjn@baidu.com,Male,Carrigaline,Ireland,18,Services
709,Aguistin,Selvey,aselveyjo@reverbnation.com,Male,Kiltamagh,Ireland,22,Engineering
710,Wenona,Salack,wsalackjp@dagondesign.com,Female,Piltown,Ireland,37,Support
711,Valentine,Fogg,vfoggjq@economist.com,Female,Arklow,Ireland,33,Sales
712,Trisha,Kupis,tkupisjr@fema.gov,Female,Adare,Ireland,24,Support
713,Redford,Callingham,rcallinghamjs@topsy.com,Male,Dungloe,Ireland,28,Product Management
714,Valli,Guirau,vguiraujt@fc2.com,Female,Ballinteer,Ireland,23,Support
715,Yoshiko,Guthrie,yguthrieju@goodreads.com,Female,Linton,United Kingdom,28,Engineering
716,Rurik,Last,rlastjv@sakura.ne.jp,Male,Castlebellingham,Ireland,36,Legal
717,Woody,Tantum,wtantumjw@tripod.com,Male,London,United Kingdom,21,Training
718,Niki,Sterke,nsterkejx@facebook.com,Female,Prosperous,Ireland,38,Human Resources
719,Wynne,Petrushka,wpetrushkajy@aboutads.info,Female,Clones,Ireland,32,Legal
720,Lilah,Ambrogelli,lambrogellijz@paypal.com,Female,London,United Kingdom,30,Support
721,Ringo,Burnyeat,rburnyeatk0@i2i.jp,Male,Mullagh,Ireland,29,Product Management
722,Naoma,Pitrasso,npitrassok1@thetimes.co.uk,Female,Ballyhaunis,Ireland,34,Services
723,Birk,Scotchbourouge,bscotchbourougek2@youtu.be,Male,Tullich,United Kingdom,19,Training
724,Farr,Sherrington,fsherringtonk3@delicious.com,Male,Sutton,United Kingdom,31,Accounting
725,Charyl,Greenhaugh,cgreenhaughk4@upenn.edu,Female,Cherryville,Ireland,22,Research and Development
726,Judye,Fernandez,jfernandezk5@e-recht24.de,Female,Bayside,Ireland,31,Engineering
727,Luce,Harkins,lharkinsk6@rambler.ru,Male,London,United Kingdom,24,Marketing
728,Sabrina,Sloane,ssloanek7@flavors.me,Female,Dundrum,Ireland,33,Business Development
729,Lindy,Boorne,lboornek8@rambler.ru,Male,London,United Kingdom,40,Accounting
730,Ricard,McConnal,rmcconnalk9@squidoo.com,Male,Charlton,United Kingdom,40,Training
731,Ingra,Standrin,istandrinka@ask.com,Male,Fairview,Ireland,19,Product Management
732,Hartley,Prattington,hprattingtonkb@pbs.org,Male,Killumney,Ireland,28,Engineering
733,Analiese,Files,afileskc@mashable.com,Female,Linton,United Kingdom,34,Marketing
734,Emlyn,Wilfling,ewilflingkd@canalblog.com,Male,Moville,Ireland,22,Engineering
735,Ola,Poolton,opooltonke@dailymotion.com,Female,Kinloch,United Kingdom,21,Engineering
736,Dyanna,Vondrys,dvondryskf@businessinsider.com,Female,Kanturk,Ireland,25,Engineering
737,Zaccaria,Antonietti,zantoniettikg@digg.com,Male,Gort,Ireland,18,Engineering
738,Durward,Breakwell,dbreakwellkh@scientificamerican.com,Male,Clondalkin,Ireland,24,Legal
739,Nicolas,Stait,nstaitki@nationalgeographic.com,Male,Horton,United Kingdom,38,Accounting
740,Merrick,Swatland,mswatlandkj@sohu.com,Male,Midleton,Ireland,33,Human Resources
741,Ferris,Donn,fdonnkk@eventbrite.com,Male,Oranmore,Ireland,36,Engineering
742,Ira,Macbane,imacbanekl@arstechnica.com,Female,Kildare,Ireland,19,Marketing
743,Forrester,Dorow,fdorowkm@moonfruit.com,Male,Preston,United Kingdom,38,Engineering
744,Rana,Targe,rtargekn@xing.com,Female,Booterstown,Ireland,20,Human Resources
745,Lucho,Dunrige,ldunrigeko@meetup.com,Male,Fairview,Ireland,27,Accounting
746,Ianthe,Sinisbury,isinisburykp@sohu.com,Female,Greystones,Ireland,39,Product Management
747,Allissa,Christophle,achristophlekq@artisteer.com,Female,Ballylinan,Ireland,22,Accounting
748,Scotty,Schutze,sschutzekr@sina.com.cn,Male,Birr,Ireland,35,Marketing
749,Hana,Gai,hgaiks@dyndns.org,Female,Nenagh,Ireland,19,Engineering
750,Ethelbert,Morling,emorlingkt@shareasale.com,Male,Rathwire,Ireland,36,Product Management
751,Raquel,Gavin,rgavinku@pcworld.com,Female,Craigavon,United Kingdom,20,Engineering
752,Abby,Jewel,ajewelkv@google.fr,Male,Blessington,Ireland,34,Training
753,Stuart,Petegre,spetegrekw@redcross.org,Male,Swinford,Ireland,24,Product Management
754,Dicky,Cashmore,dcashmorekx@printfriendly.com,Male,Aberdeen,United Kingdom,38,Sales
755,Natassia,Greasty,ngreastyky@angelfire.com,Female,Midleton,Ireland,34,Training
756,Shirley,Rigts,srigtskz@rediff.com,Female,Ballisodare,Ireland,25,Legal
757,Kleon,Loan,kloanl0@gizmodo.com,Male,Crossmolina,Ireland,38,Services
758,Jamill,Muldownie,jmuldowniel1@zdnet.com,Male,Carlton,United Kingdom,37,Legal
759,Travus,Linch,tlinchl2@scribd.com,Male,Longford,Ireland,25,Marketing
760,Jenna,Belward,jbelwardl3@guardian.co.uk,Female,Buckland,United Kingdom,19,Sales
761,Pierre,Arlott,parlottl4@taobao.com,Male,Kinloch,United Kingdom,21,Marketing
762,Bealle,Hawkin,bhawkinl5@state.tx.us,Male,Daingean,Ireland,36,Product Management
763,Ninetta,Leyre,nleyrel6@icq.com,Female,Fairview,Ireland,28,Accounting
764,Cassie,Foli,cfolil7@dagondesign.com,Female,Dunlewy,Ireland,39,Engineering
765,Carry,Shattock,cshattockl8@latimes.com,Female,Bristol,United Kingdom,23,Business Development
766,Jessamine,Jarmain,jjarmainl9@elpais.com,Female,Kinnegad,Ireland,18,Support
767,Thaxter,Chappelle,tchappellela@techcrunch.com,Male,Lucan,Ireland,26,Human Resources
768,Stormy,Harral,sharrallb@pbs.org,Female,Cork,Ireland,30,Legal
769,Che,Stanluck,cstanlucklc@cbsnews.com,Male,Glasnevin,Ireland,26,Human Resources
770,Kingsly,Presman,kpresmanld@google.de,Male,Athlone,Ireland,39,Marketing
771,Rebeka,Cornall,rcornallle@sina.com.cn,Female,Milton,United Kingdom,39,Research and Development
772,Giulio,Boome,gboomelf@nps.gov,Male,Malahide,Ireland,24,Engineering
773,Charley,Strute,cstrutelg@oaic.gov.au,Male,Castleknock,Ireland,26,Accounting
774,Jany,Howells,jhowellslh@zdnet.com,Female,Merton,United Kingdom,37,Accounting
775,Isabella,Pennuzzi,ipennuzzili@google.it,Female,Kilkenny,Ireland,19,Services
776,Holli,Yanyshev,hyanyshevlj@vinaora.com,Female,Dalkey,Ireland,38,Services
777,Venita,Abramowitch,vabramowitchlk@cnn.com,Female,Pentre,United Kingdom,19,Services
778,Laural,Simpson,lsimpsonll@tamu.edu,Female,Norton,United Kingdom,22,Product Management
779,Rubie,Crafts,rcraftslm@dmoz.org,Female,Valleymount,Ireland,22,Sales
780,Lenee,Saddler,lsaddlerln@amazon.com,Female,London,United Kingdom,34,Marketing
781,Omar,Berrigan,oberriganlo@bigcartel.com,Male,Tower,Ireland,38,Marketing
782,Jackelyn,Tomblings,jtomblingslp@wp.com,Female,Charlton,United Kingdom,23,Accounting
783,Eleanor,Trusty,etrustylq@jigsy.com,Female,Seaton,United Kingdom,31,Legal
784,Marchelle,Howie,mhowielr@blinklist.com,Female,London,United Kingdom,31,Marketing
785,Yorker,Merrell,ymerrellls@dyndns.org,Male,Cabinteely,Ireland,39,Product Management
786,Guthry,Gioani,ggioanilt@vkontakte.ru,Male,Whitwell,United Kingdom,33,Support
787,Rustie,Inglesfield,ringlesfieldlu@pagesperso-orange.fr,Male,Muff,Ireland,40,Sales
788,Tobit,Farnan,tfarnanlv@army.mil,Male,Tullich,United Kingdom,36,Engineering
789,Mike,Chidley,mchidleylw@tumblr.com,Male,Crumlin,Ireland,29,Sales
790,Leeanne,Kivell,lkivelllx@europa.eu,Female,Donnycarney,Ireland,32,Sales
791,Gerrie,Roy,groyly@fotki.com,Female,Edinburgh,United Kingdom,26,Marketing
792,Katleen,Riditch,kriditchlz@omniture.com,Female,Belfast,United Kingdom,21,Engineering
793,Gail,Colliver,gcolliverm0@furl.net,Male,Buckland,United Kingdom,35,Research and Development
794,Ronna,Palliser,rpalliserm1@ask.com,Female,Bailieborough,Ireland,35,Sales
795,Heall,Hollerin,hhollerinm2@house.gov,Male,Castlerea,Ireland,26,Sales
796,Paco,Vigars,pvigarsm3@chicagotribune.com,Male,Newton,United Kingdom,35,Research and Development
797,Brok,Wray,bwraym4@twitter.com,Male,Bristol,United Kingdom,30,Training
798,Adolph,Walford,awalfordm5@dyndns.org,Male,Claremorris,Ireland,21,Services
799,Whitby,Manion,wmanionm6@ft.com,Male,Castlerea,Ireland,28,Engineering
800,Baryram,Tomson,btomsonm7@amazon.com,Male,Daingean,Ireland,21,Engineering
801,Harlan,Truss,htrussm8@icq.com,Male,Ballyboden,Ireland,19,Engineering
802,Shaun,Utting,suttingm9@nydailynews.com,Male,Rathangan,Ireland,25,Marketing
803,Reeta,Hendrix,rhendrixma@miitbeian.gov.cn,Female,Birmingham,United Kingdom,21,Research and Development
804,Isacco,Brightie,ibrightiemb@hatena.ne.jp,Male,Naas,Ireland,36,Services
805,Ferd,Merner,fmernermc@sohu.com,Male,Muff,Ireland,38,Product Management
806,Willard,Peirazzi,wpeirazzimd@vistaprint.com,Male,Sheffield,United Kingdom,24,Engineering
807,Pasquale,Ebbotts,pebbottsme@fastcompany.com,Male,Foxrock,Ireland,27,Product Management
808,Mattias,Ware,mwaremf@paginegialle.it,Male,Aberdeen,United Kingdom,22,Marketing
809,Kare,Spelwood,kspelwoodmg@unblog.fr,Female,Beaumont,Ireland,35,Engineering
810,Leighton,Gubbin,lgubbinmh@washington.edu,Male,Cork,Ireland,40,Product Management
811,Christy,Brauns,cbraunsmi@w3.org,Female,Milton,United Kingdom,30,Business Development
812,Welby,Rainford,wrainfordmj@51.la,Male,Tullyallen,Ireland,18,Training
813,Renard,Geram,rgerammk@google.fr,Male,Ballisodare,Ireland,22,Human Resources
814,Neysa,Breagan,nbreaganml@hp.com,Female,Ballinroad,Ireland,23,Accounting
815,Abel,Juett,ajuettmm@jimdo.com,Male,Carrigaline,Ireland,30,Engineering
816,Abbot,Albrooke,aalbrookemn@google.cn,Male,Moate,Ireland,39,Training
817,Theo,Gladebeck,tgladebeckmo@yellowbook.com,Male,Cavan,Ireland,26,Support
818,Link,Ifill,lifillmp@mapy.cz,Male,Wirral,United Kingdom,34,Human Resources
819,Abbe,Filippyev,afilippyevmq@oracle.com,Female,Claremorris,Ireland,20,Research and Development
820,Thaddeus,MacGruer,tmacgruermr@tamu.edu,Male,Tralee,Ireland,34,Legal
821,Kenn,Tunstall,ktunstallms@un.org,Male,Monkstown,Ireland,35,Product Management
822,Louella,Essberger,lessbergermt@pagesperso-orange.fr,Female,Sutton,United Kingdom,18,Support
823,Delphine,Peakman,dpeakmanmu@aboutads.info,Female,Burnside,United Kingdom,32,Training
824,Elissa,Crathern,ecrathernmv@addthis.com,Female,Gorey,Ireland,31,Training
825,Margy,Traves,mtravesmw@seattletimes.com,Female,Cloyne,Ireland,21,Business Development
826,Ferdie,Wait,fwaitmx@google.com,Male,Hatton,United Kingdom,19,Product Management
827,Grace,Thewles,gthewlesmy@artisteer.com,Male,Manchester,United Kingdom,30,Human Resources
828,Forbes,Twizell,ftwizellmz@omniture.com,Male,Dunmanway,Ireland,21,Sales
829,Hershel,Browell,hbrowelln0@weibo.com,Male,Booterstown,Ireland,31,Business Development
830,Lonna,Gatecliffe,lgatecliffen1@washingtonpost.com,Female,Clonskeagh,Ireland,18,Business Development
831,Brander,Picardo,bpicardon2@cloudflare.com,Male,Rathangan,Ireland,36,Services
832,Jarret,Blennerhassett,jblennerhassettn3@bing.com,Male,Nenagh,Ireland,32,Legal
833,Timothea,Arrington,tarringtonn4@qq.com,Female,Mullagh,Ireland,23,Engineering
834,Maud,Rickeard,mrickeardn5@businesswire.com,Female,Hatton,United Kingdom,23,Training
835,Harmonie,Ilett,hilettn6@flavors.me,Female,Milton,United Kingdom,38,Support
836,Melloney,Garard,mgarardn7@pcworld.com,Female,Bagenalstown,Ireland,26,Sales
837,Gianina,Winstone,gwinstonen8@ft.com,Female,Tallaght,Ireland,25,Engineering
838,Nickolai,While,nwhilen9@tuttocitta.it,Male,Tallaght,Ireland,26,Engineering
839,Renaldo,Sweetlove,rsweetlovena@example.com,Male,Kanturk,Ireland,34,Human Resources
840,Jaimie,Kubin,jkubinnb@youku.com,Male,Newton,United Kingdom,36,Legal
841,Mildred,Cornbill,mcornbillnc@salon.com,Female,Tuam,Ireland,28,Engineering
842,Menard,Romei,mromeind@amazon.com,Male,Eaton,United Kingdom,38,Support
843,West,Wickes,wwickesne@mac.com,Male,Newton,United Kingdom,33,Legal
844,Gwennie,Raeburn,graeburnnf@redcross.org,Female,Sheffield,United Kingdom,25,Engineering
845,Jeana,Dunk,jdunkng@dagondesign.com,Female,Athy,Ireland,25,Product Management
846,Arney,Pendleton,apendletonnh@creativecommons.org,Male,Ardee,Ireland,29,Research and Development
847,Ilsa,Du Hamel,iduhamelni@ucoz.ru,Female,Kildare,Ireland,34,Training
848,Florance,Sima,fsimanj@mail.ru,Female,Langley,United Kingdom,19,Legal
849,Obie,Layfield,olayfieldnk@va.gov,Male,Cork,Ireland,28,Product Management
850,Hilary,Birdwhistell,hbirdwhistellnl@economist.com,Male,Moate,Ireland,35,Sales
851,Teodoro,Hafner,thafnernm@ox.ac.uk,Male,Castlepollard,Ireland,30,Human Resources
852,Jilly,Giffaut,jgiffautnn@mac.com,Female,Caherconlish,Ireland,29,Human Resources
853,Alene,Rawet,arawetno@telegraph.co.uk,Female,Kilcullen,Ireland,28,Research and Development
854,Corney,Trace,ctracenp@prnewswire.com,Male,Charlton,United Kingdom,27,Accounting
855,Thaddeus,Walls,twallsnq@amazon.co.jp,Male,Tallaght,Ireland,27,Legal
856,Katy,Baford,kbafordnr@springer.com,Female,Trá Mhór,Ireland,18,Accounting
857,Frank,Bencher,fbencherns@ezinearticles.com,Male,Bundoran,Ireland,19,Services
858,Avie,Ranfield,aranfieldnt@hubpages.com,Female,Kinnegad,Ireland,22,Human Resources
859,Russ,Brotherton,rbrothertonnu@creativecommons.org,Male,Ashley,United Kingdom,35,Support
860,Aprilette,Jorden,ajordennv@artisteer.com,Female,Piltown,Ireland,27,Services
861,Moise,Benediktovich,mbenediktovichnw@umn.edu,Male,Skibbereen,Ireland,19,Engineering
862,Gilbertine,Sclanders,gsclandersnx@joomla.org,Female,Dromiskin,Ireland,38,Accounting
863,Leonanie,Yuille,lyuilleny@sphinn.com,Female,Portarlington,Ireland,27,Services
864,Fae,Glackin,fglackinnz@weebly.com,Female,Kill,Ireland,25,Engineering
865,Phip,Yude,pyudeo0@google.es,Male,Monkstown,Ireland,28,Product Management
866,Martelle,Vynarde,mvynardeo1@google.com,Female,Balrothery,Ireland,36,Research and Development
867,Rose,Leggan,rleggano2@amazon.de,Female,Sheffield,United Kingdom,20,Product Management
868,Aeriell,Cleverly,acleverlyo3@biglobe.ne.jp,Female,Dean,United Kingdom,19,Training
869,Daffy,Eric,derico4@dot.gov,Female,Ford,United Kingdom,25,Engineering
870,Cesar,Lauthian,clauthiano5@lulu.com,Male,Raphoe,Ireland,25,Training
871,Chan,Tomasutti,ctomasuttio6@altervista.org,Male,Kirkton,United Kingdom,34,Marketing
872,Cacilia,Almond,calmondo7@ibm.com,Female,Farranacoush,Ireland,39,Accounting
873,Coriss,Jerzak,cjerzako8@shutterfly.com,Female,Longford,Ireland,20,Business Development
874,Annabela,De Vaux,adevauxo9@linkedin.com,Female,Foxrock,Ireland,32,Training
875,Thane,Wauchope,twauchopeoa@latimes.com,Male,Kanturk,Ireland,33,Human Resources
876,Anatole,Hanniger,ahannigerob@goodreads.com,Male,Kilcullen,Ireland,21,Product Management
877,Slade,Pfleger,spflegeroc@unesco.org,Male,Moate,Ireland,31,Services
878,Rockwell,Kaaskooper,rkaaskooperod@buzzfeed.com,Male,Kilmacanoge,Ireland,31,Human Resources
879,Arv,MacFie,amacfieoe@exblog.jp,Male,Eadestown,Ireland,36,Support
880,Wakefield,Tomala,wtomalaof@ehow.com,Male,Gweedore,Ireland,31,Services
881,Vanna,Mulqueen,vmulqueenog@dmoz.org,Female,Middleton,United Kingdom,27,Legal
882,Adeline,McMurty,amcmurtyoh@sakura.ne.jp,Female,Ballyhaunis,Ireland,30,Accounting
883,Nefen,Thickpenny,nthickpennyoi@cdc.gov,Male,Old Kilcullen,Ireland,40,Marketing
884,Mirella,Tweedell,mtweedelloj@multiply.com,Female,Ferbane,Ireland,35,Legal
885,Gerick,Paaso,gpaasook@photobucket.com,Male,Blarney,Ireland,25,Product Management
886,Catina,Jacobsohn,cjacobsohnol@geocities.com,Female,Monasterevin,Ireland,21,Sales
887,Marlene,Worthington,mworthingtonom@trellian.com,Female,Ballybofey,Ireland,39,Product Management
888,Berget,Lenahan,blenahanon@mlb.com,Female,Bayside,Ireland,39,Marketing
889,Evan,Lacey,elaceyoo@blog.com,Male,Piltown,Ireland,19,Human Resources
890,Venus,de Broke,vdebrokeop@example.com,Female,Raphoe,Ireland,32,Services
891,Freddie,Romaynes,fromaynesoq@360.cn,Female,Ballisodare,Ireland,31,Support
892,Pavel,Ledwitch,pledwitchor@archive.org,Male,Carlton,United Kingdom,32,Support
893,Rhiamon,Flament,rflamentos@domainmarket.com,Female,Boyle,Ireland,28,Research and Development
894,Harlan,Kinchin,hkinchinot@wunderground.com,Male,Ballyboden,Ireland,30,Accounting
895,Staffard,Minear,sminearou@discovery.com,Male,Edinburgh,United Kingdom,20,Services
896,Netty,Aspell,naspellov@lulu.com,Female,Gweedore,Ireland,31,Legal
897,Rena,Scotting,rscottingow@webeden.co.uk,Female,Fairview,Ireland,39,Services
898,Joseph,Fasson,jfassonox@webnode.com,Male,Castleblayney,Ireland,35,Marketing
899,Jim,Dumingo,jdumingooy@army.mil,Male,Upton,United Kingdom,39,Training
900,Giana,Phipp,gphippoz@hexun.com,Female,Ballybofey,Ireland,18,Product Management
901,Jerrilee,Dumberell,jdumberellp0@ask.com,Female,Leeds,United Kingdom,31,Services
902,Sybil,Bessom,sbessomp1@wikimedia.org,Female,Bradford,United Kingdom,31,Product Management
903,Kristen,Camp,kcampp2@nature.com,Female,Swords,Ireland,37,Business Development
904,Tiena,Marryatt,tmarryattp3@noaa.gov,Female,Dunleer,Ireland,35,Services
905,Smitty,Mc Corley,smccorleyp4@mapquest.com,Male,Ballyjamesduff,Ireland,24,Marketing
906,Gavan,Tebbitt,gtebbittp5@shareasale.com,Male,Sutton,United Kingdom,29,Legal
907,Ricky,Carnihan,rcarnihanp6@sina.com.cn,Female,Dalkey,Ireland,40,Support
908,Ina,Bortolomei,ibortolomeip7@mtv.com,Female,Beaumont,Ireland,40,Support
909,Cyndia,Tomisch,ctomischp8@ask.com,Female,Castleblayney,Ireland,22,Training
910,Alexandr,Ruse,arusep9@ucla.edu,Male,Tuam,Ireland,27,Product Management
911,Ennis,Camois,ecamoispa@weather.com,Male,Edgeworthstown,Ireland,25,Sales
912,Everard,Klauber,eklauberpb@themeforest.net,Male,Dublin,Ireland,21,Marketing
913,Brewster,Waliszek,bwaliszekpc@example.com,Male,Rathdrum,Ireland,25,Engineering
914,Leilah,Gercken,lgerckenpd@tinyurl.com,Female,Prosperous,Ireland,32,Product Management
915,Zed,Scrymgeour,zscrymgeourpe@simplemachines.org,Male,Newton,United Kingdom,37,Support
916,Saunder,Fawson,sfawsonpf@youtube.com,Male,Midleton,Ireland,30,Training
917,Sutton,Panswick,spanswickpg@tinyurl.com,Male,Templeogue,Ireland,36,Support
918,Rowen,Chansonne,rchansonneph@nba.com,Male,Fermoy,Ireland,38,Engineering
919,Evie,Pinke,epinkepi@craigslist.org,Female,Twyford,United Kingdom,18,Research and Development
920,Saunders,Molfino,smolfinopj@imgur.com,Male,Bundoran,Ireland,35,Product Management
921,Archibaldo,Anthiftle,aanthiftlepk@zimbio.com,Male,Bayside,Ireland,31,Legal
922,Tabbi,Ondrich,tondrichpl@seattletimes.com,Female,Ballyhaunis,Ireland,32,Product Management
923,Flori,Burling,fburlingpm@reverbnation.com,Female,Donegal,Ireland,36,Research and Development
924,Erhart,Barajas,ebarajaspn@jiathis.com,Male,Askeaton,Ireland,31,Engineering
925,Alfonso,Bracco,abraccopo@princeton.edu,Male,Oranmore,Ireland,30,Engineering
926,Katrina,Balmadier,kbalmadierpp@ox.ac.uk,Female,Kilkenny,Ireland,32,Marketing
927,Kissee,Ghidotti,kghidottipq@yale.edu,Female,Foxrock,Ireland,30,Business Development
928,Tobias,Yeliashev,tyeliashevpr@toplist.cz,Male,Leeds,United Kingdom,33,Business Development
929,Faydra,Willishire,fwillishireps@springer.com,Female,Clonskeagh,Ireland,34,Training
930,Merrile,Dobeson,mdobesonpt@webeden.co.uk,Female,Skerries,Ireland,19,Engineering
931,Marissa,Stolle,mstollepu@telegraph.co.uk,Female,Dublin,Ireland,28,Business Development
932,Elbert,Shadwick,eshadwickpv@nymag.com,Male,Bayside,Ireland,25,Engineering
933,Eve,Tamblingson,etamblingsonpw@prweb.com,Female,Whitegate,Ireland,33,Legal
934,Sibylla,Sheen,ssheenpx@arstechnica.com,Female,Virginia,Ireland,22,Research and Development
935,Reider,Hosburn,rhosburnpy@desdev.cn,Male,Navan,Ireland,38,Services
936,Consalve,Hearns,chearnspz@qq.com,Male,Tower,Ireland,32,Product Management
937,Larine,Ferrettini,lferrettiniq0@vkontakte.ru,Female,Middleton,United Kingdom,21,Human Resources
938,Brantley,List,blistq1@si.edu,Male,Stapleford,United Kingdom,23,Research and Development
939,Blanche,Filipputti,bfilipputtiq2@blogspot.com,Female,Bagenalstown,Ireland,31,Sales
940,Kimberli,Philippsohn,kphilippsohnq3@cpanel.net,Female,Macroom,Ireland,30,Legal
941,Constantina,L'Homme,clhommeq4@economist.com,Female,Merton,United Kingdom,38,Training
942,Cassius,Pinfold,cpinfoldq5@biblegateway.com,Male,Rathdrum,Ireland,22,Business Development
943,Benjie,Beavan,bbeavanq6@mysql.com,Male,Confey,Ireland,33,Services
944,Cord,Matley,cmatleyq7@wufoo.com,Male,Sutton,United Kingdom,40,Legal
945,Addi,Laborde,alabordeq8@ftc.gov,Female,Milltown,Ireland,20,Services
946,Pattie,Cartmill,pcartmillq9@google.co.jp,Male,Caherconlish,Ireland,38,Human Resources
947,Kalie,Moral,kmoralqa@google.com.hk,Female,Cashel,Ireland,21,Legal
948,Koenraad,Windas,kwindasqb@fotki.com,Male,Tullich,United Kingdom,33,Engineering
949,Oralie,Comellini,ocomelliniqc@bing.com,Female,Dublin,Ireland,18,Training
950,Janela,Cason,jcasonqd@scribd.com,Female,Cabinteely,Ireland,18,Accounting
951,Robbie,Melby,rmelbyqe@icio.us,Female,Valleymount,Ireland,26,Legal
952,Hoebart,Balm,hbalmqf@jalbum.net,Male,Ashley,United Kingdom,39,Human Resources
953,Heddi,Mehmet,hmehmetqg@bravesites.com,Female,Ballisodare,Ireland,36,Sales
954,Colver,Casserly,ccasserlyqh@patch.com,Male,Newton,United Kingdom,37,Accounting
955,Allis,Faichnie,afaichnieqi@msu.edu,Female,Athy,Ireland,30,Sales
956,Keely,Kurth,kkurthqj@netscape.com,Female,Milltown,Ireland,27,Marketing
957,Tiler,Howle,thowleqk@networksolutions.com,Male,Liverpool,United Kingdom,22,Training
958,Dorree,Child,dchildql@huffingtonpost.com,Female,Castleblayney,Ireland,25,Marketing
959,Andrew,Anney,aanneyqm@ftc.gov,Male,Kingston,United Kingdom,27,Sales
960,Jodi,Brownell,jbrownellqn@mozilla.com,Male,Mullagh,Ireland,36,Legal
961,Lay,Kumaar,lkumaarqo@dell.com,Male,Drumcondra,Ireland,29,Services
962,Corey,Nickolls,cnickollsqp@rakuten.co.jp,Female,Linton,United Kingdom,27,Services
963,Ethyl,Eburah,eeburahqq@sciencedaily.com,Female,Ballina,Ireland,33,Business Development
964,Lanni,Akett,lakettqr@delicious.com,Female,Preston,United Kingdom,20,Legal
965,Ker,Jukubczak,kjukubczakqs@merriam-webster.com,Male,Ballisodare,Ireland,23,Marketing
966,Mira,McGeaney,mmcgeaneyqt@xing.com,Female,Monasterevin,Ireland,20,Legal
967,Bethanne,Chartre,bchartrequ@wired.com,Female,Shankill,Ireland,28,Human Resources
968,Grace,Christou,gchristouqv@nydailynews.com,Male,Ballivor,Ireland,22,Sales
969,Eamon,Lavender,elavenderqw@rakuten.co.jp,Male,Ballisodare,Ireland,37,Support
970,Orsola,Ryland,orylandqx@people.com.cn,Female,Confey,Ireland,38,Legal
971,Andromache,Chapple,achappleqy@alibaba.com,Female,Clogherhead,Ireland,24,Engineering
972,Pauly,Sweeten,psweetenqz@odnoklassniki.ru,Male,Enniskerry,Ireland,20,Services
973,Cosimo,Ribeiro,cribeiror0@eventbrite.com,Male,Cobh,Ireland,32,Product Management
974,Gussi,Assad,gassadr1@usda.gov,Female,Hatton,United Kingdom,27,Sales
975,Niven,Konzelmann,nkonzelmannr2@blogger.com,Male,Rathnew,Ireland,18,Sales
976,Sabrina,Dehm,sdehmr3@joomla.org,Female,Newmarket on Fergus,Ireland,25,Accounting
977,Olvan,Sharrier,osharrierr4@imageshack.us,Male,Malahide,Ireland,36,Engineering
978,Ingaborg,Sedwick,isedwickr5@elpais.com,Female,Hatton,United Kingdom,40,Legal
979,Burnaby,Keenor,bkeenorr6@google.com.hk,Male,Whitwell,United Kingdom,19,Legal
980,Sumner,Gaskin,sgaskinr7@google.com.au,Male,Hatton,United Kingdom,37,Accounting
981,Quinn,Le land,qlelandr8@google.ca,Female,Dundrum,Ireland,21,Marketing
982,Clem,Pauer,cpauerr9@jimdo.com,Male,Normanton,United Kingdom,36,Marketing
983,Reamonn,Mowles,rmowlesra@weibo.com,Male,West End,United Kingdom,23,Support
984,Devina,Longmaid,dlongmaidrb@sina.com.cn,Female,Adare,Ireland,36,Marketing
985,Ab,Dineen,adineenrc@biglobe.ne.jp,Male,Old Kilcullen,Ireland,39,Human Resources
986,Griz,Perigeaux,gperigeauxrd@bloomberg.com,Male,Carrigtwohill,Ireland,37,Product Management
987,Julissa,Guido,jguidore@ibm.com,Female,Castlerea,Ireland,33,Accounting
988,Roda,Pactat,rpactatrf@dropbox.com,Female,Foxrock,Ireland,31,Training
989,Hasheem,Marczyk,hmarczykrg@skyrock.com,Male,Macroom,Ireland,21,Training
990,Sheffy,Bruce,sbrucerh@virginia.edu,Male,Edinburgh,United Kingdom,23,Marketing
991,Levey,Bracher,lbracherri@alexa.com,Male,London,United Kingdom,20,Product Management
992,Katalin,Mastrantone,kmastrantonerj@thetimes.co.uk,Female,Sallins,Ireland,19,Research and Development
993,Carrissa,Balser,cbalserrk@samsung.com,Female,Moycullen,Ireland,34,Business Development
994,Aldin,Norgate,anorgaterl@gov.uk,Male,Birmingham,United Kingdom,25,Human Resources
995,Ebenezer,Wathan,ewathanrm@ebay.com,Male,Ashbourne,Ireland,23,Research and Development
996,Pierette,Tiuit,ptiuitrn@who.int,Female,Clogherhead,Ireland,28,Accounting
997,Elmo,Plait,eplaitro@dot.gov,Male,Dublin,Ireland,39,Engineering
998,Miller,O'Neal,monealrp@upenn.edu,Male,Milton,United Kingdom,28,Research and Development
999,Brose,Fowley,bfowleyrq@cloudflare.com,Male,Twyford,United Kingdom,29,Human Resources
1000,Dukie,Jzhakov,djzhakovrr@prnewswire.com,Male,Walton,United Kingdom,34,Engineering
